Unnamed: 0,POLYMER SMILES,TFEA,HexaFOEA,NonaFOEA,PEGA,HEA,MSEA,19F NMR SN Ratio,Weight % Fluorine,Molecular weight,Dispersity
22,<polymer_spg>[*:1]CC([*:2])C(=O)OCCOC(C(F)(F)F)(C(F)(F)F)C(F)(F)F;[*:3]CC([*:4])C(=O)OCCOCCOCCOCCOCCOCCOCCOCCOCCOCCO;[*:5]CC([*:6])C(=O)OCCS(C)=O;2->1;2->3;2->5;4->3;4->1;4->5;6->5;6->3;6->1,0.0,0.0,0.35,0.1,0.0,0.55,86.0,0.235,5800.0,1.17
244,<polymer_spg>[*:1]CC([*:2])C(=O)OCC(F)(F)F;[*:3]CC([*:4])C(=O)OCCOCCOCCOCCOCCOCCOCCOCCOCCOCCO;[*:5]CC([*:6])C(=O)OCCO;2->1;2->3;2->5;4->3;4->1;4->5;6->5;6->3;6->1,0.35,0.0,0.0,0.55,0.1,0.0,30.0,0.061,8800.0,1.2
111,<polymer_spg>[*:1]CC([*:2])C(=O)OCCOC(C(F)(F)F)C(F)(F)F;[*:3]CC([*:4])C(=O)OCCS(C)=O;2->1;2->3;4->3;4->1,0.0,0.4,0.0,0.0,0.0,0.6,84.0,0.2239999999999999,,
12,<polymer_spg>[*:1]CC([*:2])C(=O)OCCOC(C(F)(F)F)(C(F)(F)F)C(F)(F)F;[*:3]CC([*:4])C(=O)OCCS(C)=O;2->1;2->3;4->3;4->1,0.0,0.0,0.3,0.0,0.0,0.7,88.0,0.24,,
145,<polymer_spg>[*:1]CC([*:2])C(=O)OCCOC(C(F)(F)F)C(F)(F)F;[*:3]CC([*:4])C(=O)OCCOCCOCCOCCOCCOCCOCCOCCOCCOCCO;[*:5]CC([*:6])C(=O)OCCO;[*:7]CC([*:8])C(=O)OCCS(C)=O;2->1;2->3;2->5;2->7;4->3;4->1;4->5;4->7;6->5;6->1;6->3;6->7;8->7;8->1;8->3;8->5,0.0,0.5,0.0,0.15,0.1,0.25,100.0,0.222,,
63,<polymer_spg>[*:1]CC([*:2])C(=O)OCCOC(C(F)(F)F)C(F)(F)F;[*:3]CC([*:4])C(=O)OCCOC(C(F)(F)F)(C(F)(F)F)C(F)(F)F;[*:5]CC([*:6])C(=O)OCCOCCOCCOCCOCCOCCOCCOCCOCCOCCO;[*:7]CC([*:8])C(=O)OCCO;[*:9]CC([*:10])C(=O)OCCS(C)=O;2->1;2->3;2->5;2->7;2->9;4->3;4->1;4->5;4->7;4->9;6->5;6->1;6->3;6->7;6->9;8->7;8->1;8->3;8->5;8->9;10->9;10->1;10->3;10->5;10->7,0.0,0.05,0.35,0.25,0.15,0.2,79.0,0.218,6800.0,1.19
180,<polymer_spg>[*:1]CC([*:2])C(=O)OCC(F)(F)F;[*:3]CC([*:4])C(=O)OCCOC(C(F)(F)F)C(F)(F)F;[*:5]CC([*:6])C(=O)OCCOCCOCCOCCOCCOCCOCCOCCOCCOCCO;[*:7]CC([*:8])C(=O)OCCO;2->1;2->3;2->5;2->7;4->3;4->1;4->5;4->7;6->5;6->1;6->3;6->7;8->7;8->1;8->3;8->5,0.05,0.6,0.0,0.25,0.1,0.0,108.0,0.238,,
90,<polymer_spg>[*:1]CC([*:2])C(=O)OCCOC(C(F)(F)F)C(F)(F)F;[*:3]CC([*:4])C(=O)OCCOC(C(F)(F)F)(C(F)(F)F)C(F)(F)F;[*:5]CC([*:6])C(=O)OCCS(C)=O;2->1;2->3;2->5;4->3;4->1;4->5;6->5;6->3;6->1,0.0,0.2,0.1,0.0,0.0,0.7,42.0,0.1989999999999999,,
155,<polymer_spg>[*:1]CC([*:2])C(=O)OCCOC(C(F)(F)F)C(F)(F)F;[*:3]CC([*:4])C(=O)OCCOC(C(F)(F)F)(C(F)(F)F)C(F)(F)F;[*:5]CC([*:6])C(=O)OCCOCCOCCOCCOCCOCCOCCOCCOCCOCCO;[*:7]CC([*:8])C(=O)OCCS(C)=O;2->1;2->3;2->5;2->7;4->3;4->1;4->5;4->7;6->5;6->1;6->3;6->7;8->7;8->1;8->3;8->5,0.0,0.5,0.05,0.4,0.0,0.05,88.0,0.187,6300.0,1.39
73,<polymer_spg>[*:1]CC([*:2])C(=O)OCCOC(C(F)(F)F)C(F)(F)F;[*:3]CC([*:4])C(=O)OCCOC(C(F)(F)F)(C(F)(F)F)C(F)(F)F;[*:5]CC([*:6])C(=O)OCCOCCOCCOCCOCCOCCOCCOCCOCCOCCO;[*:7]CC([*:8])C(=O)OCCO;[*:9]CC([*:10])C(=O)OCCS(C)=O;2->1;2->3;2->5;2->7;2->9;4->3;4->1;4->5;4->7;4->9;6->5;6->1;6->3;6->7;6->9;8->7;8->1;8->3;8->5;8->9;10->9;10->1;10->3;10->5;10->7,0.0,0.1,0.2,0.3,0.2,0.2,57.0,0.156,7200.0,1.25
44,<polymer_spg>[*:1]CC([*:2])C(=O)OCCOC(C(F)(F)F)(C(F)(F)F)C(F)(F)F;[*:3]CC([*:4])C(=O)OCCOCCOCCOCCOCCOCCOCCOCCOCCOCCO;2->1;2->3;4->3;4->1,0.0,0.0,0.4,0.6,0.0,0.0,47.0,0.162,,
201,<polymer_spg>[*:1]CC([*:2])C(=O)OCC(F)(F)F;[*:3]CC([*:4])C(=O)OCCOC(C(F)(F)F)C(F)(F)F;[*:5]CC([*:6])C(=O)OCCOC(C(F)(F)F)(C(F)(F)F)C(F)(F)F;[*:7]CC([*:8])C(=O)OCCOCCOCCOCCOCCOCCOCCOCCOCCOCCO;[*:9]CC([*:10])C(=O)OCCO;[*:11]CC([*:12])C(=O)OCCS(C)=O;2->1;2->3;2->5;2->7;2->9;2->11;4->3;4->1;4->5;4->7;4->9;4->11;6->5;6->1;6->3;6->7;6->9;6->11;8->7;8->1;8->3;8->5;8->9;8->11;10->9;10->1;10->3;10->5;10->7;10->11;12->11;12->1;12->3;12->5;12->7;12->9,0.1,0.1,0.2,0.2,0.1,0.3,63.0,0.193,,
124,<polymer_spg>[*:1]CC([*:2])C(=O)OCCOC(C(F)(F)F)C(F)(F)F;[*:3]CC([*:4])C(=O)OCCOCCOCCOCCOCCOCCOCCOCCOCCOCCO;[*:5]CC([*:6])C(=O)OCCS(C)=O;2->1;2->3;2->5;4->3;4->1;4->5;6->5;6->3;6->1,0.0,0.4,0.0,0.5,0.0,0.1,81.0,0.126,8200.0,1.25
159,<polymer_spg>[*:1]CC([*:2])C(=O)OCCOC(C(F)(F)F)C(F)(F)F;[*:3]CC([*:4])C(=O)OCCOCCOCCOCCOCCOCCOCCOCCOCCOCCO;[*:5]CC([*:6])C(=O)OCCO;2->1;2->3;2->5;4->3;4->1;4->5;6->5;6->3;6->1,0.0,0.55,0.0,0.25,0.2,0.0,106.0,0.216,,
126,<polymer_spg>[*:1]CC([*:2])C(=O)OCCOC(C(F)(F)F)C(F)(F)F;[*:3]CC([*:4])C(=O)OCCOCCOCCOCCOCCOCCOCCOCCOCCOCCO;2->1;2->3;4->3;4->1,0.0,0.4,0.0,0.6,0.0,0.0,69.0,0.1159999999999999,,
109,<polymer_spg>[*:1]CC([*:2])C(=O)OCCOC(C(F)(F)F)C(F)(F)F;[*:3]CC([*:4])C(=O)OCCS(C)=O;2->1;2->3;4->3;4->1,0.0,0.35,0.0,0.0,0.0,0.65,87.0,0.201,6600.0,1.22
18,<polymer_spg>[*:1]CC([*:2])C(=O)OCCOC(C(F)(F)F)(C(F)(F)F)C(F)(F)F;[*:3]CC([*:4])C(=O)OCCOCCOCCOCCOCCOCCOCCOCCOCCOCCO;[*:5]CC([*:6])C(=O)OCCO;[*:7]CC([*:8])C(=O)OCCS(C)=O;2->1;2->3;2->5;2->7;4->3;4->1;4->5;4->7;6->5;6->1;6->3;6->7;8->7;8->1;8->3;8->5,0.0,0.0,0.3,0.1,0.25,0.35,86.0,0.2189999999999999,6200.0,1.19
222,<polymer_spg>[*:1]CC([*:2])C(=O)OCC(F)(F)F;[*:3]CC([*:4])C(=O)OCCOC(C(F)(F)F)(C(F)(F)F)C(F)(F)F;[*:5]CC([*:6])C(=O)OCCOCCOCCOCCOCCOCCOCCOCCOCCOCCO;[*:7]CC([*:8])C(=O)OCCS(C)=O;2->1;2->3;2->5;2->7;4->3;4->1;4->5;4->7;6->5;6->1;6->3;6->7;8->7;8->1;8->3;8->5,0.15,0.0,0.4,0.4,0.0,0.05,87.0,0.216,,
256,<polymer_spg>[*:1]CC([*:2])C(=O)OCC(F)(F)F;[*:3]CC([*:4])C(=O)OCCOCCOCCOCCOCCOCCOCCOCCOCCOCCO;[*:5]CC([*:6])C(=O)OCCO;2->1;2->3;2->5;4->3;4->1;4->5;6->5;6->3;6->1,0.4,0.0,0.0,0.5,0.1,0.0,37.0,0.073,8600.0,1.22
89,<polymer_spg>[*:1]CC([*:2])C(=O)OCCOC(C(F)(F)F)C(F)(F)F;[*:3]CC([*:4])C(=O)OCCOCCOCCOCCOCCOCCOCCOCCOCCOCCO;2->1;2->3;4->3;4->1,0.0,0.2,0.0,0.8,0.0,0.0,29.0,0.052,,
71,<polymer_spg>[*:1]CC([*:2])C(=O)OCCOC(C(F)(F)F)C(F)(F)F;[*:3]CC([*:4])C(=O)OCCOC(C(F)(F)F)(C(F)(F)F)C(F)(F)F;[*:5]CC([*:6])C(=O)OCCO;[*:7]CC([*:8])C(=O)OCCS(C)=O;2->1;2->3;2->5;2->7;4->3;4->1;4->5;4->7;6->5;6->1;6->3;6->7;8->7;8->1;8->3;8->5,0.0,0.1,0.1,0.0,0.4,0.4,39.0,0.166,,
108,<polymer_spg>[*:1]CC([*:2])C(=O)OCCOC(C(F)(F)F)C(F)(F)F;[*:3]CC([*:4])C(=O)OCCOC(C(F)(F)F)(C(F)(F)F)C(F)(F)F;[*:5]CC([*:6])C(=O)OCCOCCOCCOCCOCCOCCOCCOCCOCCOCCO;2->1;2->3;2->5;4->3;4->1;4->5;6->5;6->3;6->1,0.0,0.3,0.3,0.4,0.0,0.0,78.0,0.23,7500.0,1.25
220,<polymer_spg>[*:1]CC([*:2])C(=O)OCC(F)(F)F;[*:3]CC([*:4])C(=O)OCCOC(C(F)(F)F)C(F)(F)F;[*:5]CC([*:6])C(=O)OCCOC(C(F)(F)F)(C(F)(F)F)C(F)(F)F;[*:7]CC([*:8])C(=O)OCCOCCOCCOCCOCCOCCOCCOCCOCCOCCO;[*:9]CC([*:10])C(=O)OCCO;2->1;2->3;2->5;2->7;2->9;4->3;4->1;4->5;4->7;4->9;6->5;6->1;6->3;6->7;6->9;8->7;8->1;8->3;8->5;8->9;10->9;10->1;10->3;10->5;10->7,0.1,0.55,0.05,0.25,0.05,0.0,76.0,0.253,,
260,<polymer_spg>[*:1]CC([*:2])C(=O)OCC(F)(F)F;[*:3]CC([*:4])C(=O)OCCOC(C(F)(F)F)(C(F)(F)F)C(F)(F)F;[*:5]CC([*:6])C(=O)OCCOCCOCCOCCOCCOCCOCCOCCOCCOCCO;[*:7]CC([*:8])C(=O)OCCO;2->1;2->3;2->5;2->7;4->3;4->1;4->5;4->7;6->5;6->1;6->3;6->7;8->7;8->1;8->3;8->5,0.4,0.0,0.1,0.3,0.2,0.0,44.0,0.152,8500.0,1.25
229,<polymer_spg>[*:1]CC([*:2])C(=O)OCC(F)(F)F;[*:3]CC([*:4])C(=O)OCCOC(C(F)(F)F)(C(F)(F)F)C(F)(F)F;[*:5]CC([*:6])C(=O)OCCOCCOCCOCCOCCOCCOCCOCCOCCOCCO;[*:7]CC([*:8])C(=O)OCCS(C)=O;2->1;2->3;2->5;2->7;4->3;4->1;4->5;4->7;6->5;6->1;6->3;6->7;8->7;8->1;8->3;8->5,0.2,0.0,0.3,0.2,0.0,0.3,72.0,0.2269999999999999,,
33,<polymer_spg>[*:1]CC([*:2])C(=O)OCCOC(C(F)(F)F)(C(F)(F)F)C(F)(F)F;[*:3]CC([*:4])C(=O)OCCOCCOCCOCCOCCOCCOCCOCCOCCOCCO;[*:5]CC([*:6])C(=O)OCCS(C)=O;2->1;2->3;2->5;4->3;4->1;4->5;6->5;6->3;6->1,0.0,0.0,0.4,0.35,0.0,0.25,91.0,0.2,7400.0,1.21
110,<polymer_spg>[*:1]CC([*:2])C(=O)OCCOC(C(F)(F)F)C(F)(F)F;[*:3]CC([*:4])C(=O)OCCOC(C(F)(F)F)(C(F)(F)F)C(F)(F)F;[*:5]CC([*:6])C(=O)OCCS(C)=O;2->1;2->3;2->5;4->3;4->1;4->5;6->5;6->3;6->1,0.0,0.35,0.05,0.0,0.0,0.6,65.0,0.2339999999999999,6400.0,1.16
118,<polymer_spg>[*:1]CC([*:2])C(=O)OCCOC(C(F)(F)F)C(F)(F)F;[*:3]CC([*:4])C(=O)OCCOCCOCCOCCOCCOCCOCCOCCOCCOCCO;[*:5]CC([*:6])C(=O)OCCO;[*:7]CC([*:8])C(=O)OCCS(C)=O;2->1;2->3;2->5;2->7;4->3;4->1;4->5;4->7;6->5;6->1;6->3;6->7;8->7;8->1;8->3;8->5,0.0,0.4,0.0,0.1,0.3,0.2,86.0,0.206,6700.0,1.27
190,<polymer_spg>[*:1]CC([*:2])C(=O)OCC(F)(F)F;[*:3]CC([*:4])C(=O)OCCOC(C(F)(F)F)(C(F)(F)F)C(F)(F)F;[*:5]CC([*:6])C(=O)OCCOCCOCCOCCOCCOCCOCCOCCOCCOCCO;[*:7]CC([*:8])C(=O)OCCO;[*:9]CC([*:10])C(=O)OCCS(C)=O;2->1;2->3;2->5;2->7;2->9;4->3;4->1;4->5;4->7;4->9;6->5;6->1;6->3;6->7;6->9;8->7;8->1;8->3;8->5;8->9;10->9;10->1;10->3;10->5;10->7,0.1,0.0,0.4,0.3,0.1,0.1,97.0,0.231,,
266,<polymer_spg>[*:1]CC([*:2])C(=O)OCC(F)(F)F;[*:3]CC([*:4])C(=O)OCCOCCOCCOCCOCCOCCOCCOCCOCCOCCO;[*:5]CC([*:6])C(=O)OCCO;2->1;2->3;2->5;4->3;4->1;4->5;6->5;6->3;6->1,0.6,0.0,0.0,0.3,0.1,0.0,50.0,0.138,4600.0,1.37
21,<polymer_spg>[*:1]CC([*:2])C(=O)OCCOC(C(F)(F)F)(C(F)(F)F)C(F)(F)F;[*:3]CC([*:4])C(=O)OCCOCCOCCOCCOCCOCCOCCOCCOCCOCCO;2->1;2->3;4->3;4->1,0.0,0.0,0.3,0.7,0.0,0.0,56.0,0.118,,
235,<polymer_spg>[*:1]CC([*:2])C(=O)OCC(F)(F)F;[*:3]CC([*:4])C(=O)OCCOC(C(F)(F)F)(C(F)(F)F)C(F)(F)F;[*:5]CC([*:6])C(=O)OCCOCCOCCOCCOCCOCCOCCOCCOCCOCCO;[*:7]CC([*:8])C(=O)OCCO;2->1;2->3;2->5;2->7;4->3;4->1;4->5;4->7;6->5;6->1;6->3;6->7;8->7;8->1;8->3;8->5,0.25,0.0,0.25,0.3,0.2,0.0,78.0,0.1969999999999999,6700.0,1.33
150,<polymer_spg>[*:1]CC([*:2])C(=O)OCCOC(C(F)(F)F)C(F)(F)F;[*:3]CC([*:4])C(=O)OCCOCCOCCOCCOCCOCCOCCOCCOCCOCCO;2->1;2->3;4->3;4->1,0.0,0.5,0.0,0.5,0.0,0.0,82.0,0.153,,
16,<polymer_spg>[*:1]CC([*:2])C(=O)OCCOC(C(F)(F)F)(C(F)(F)F)C(F)(F)F;[*:3]CC([*:4])C(=O)OCCOCCOCCOCCOCCOCCOCCOCCOCCOCCO;[*:5]CC([*:6])C(=O)OCCS(C)=O;2->1;2->3;2->5;4->3;4->1;4->5;6->5;6->3;6->1,0.0,0.0,0.3,0.1,0.0,0.6,73.0,0.209,6500.0,1.24
265,<polymer_spg>[*:1]CC([*:2])C(=O)OCC(F)(F)F;[*:3]CC([*:4])C(=O)OCCOCCOCCOCCOCCOCCOCCOCCOCCOCCO;[*:5]CC([*:6])C(=O)OCCO;2->1;2->3;2->5;4->3;4->1;4->5;6->5;6->3;6->1,0.6,0.0,0.0,0.3,0.1,0.0,49.0,0.138,14400.0,1.29
75,<polymer_spg>[*:1]CC([*:2])C(=O)OCCOC(C(F)(F)F)C(F)(F)F;[*:3]CC([*:4])C(=O)OCCOC(C(F)(F)F)(C(F)(F)F)C(F)(F)F;[*:5]CC([*:6])C(=O)OCCOCCOCCOCCOCCOCCOCCOCCOCCOCCO;[*:7]CC([*:8])C(=O)OCCO;[*:9]CC([*:10])C(=O)OCCS(C)=O;2->1;2->3;2->5;2->7;2->9;4->3;4->1;4->5;4->7;4->9;6->5;6->1;6->3;6->7;6->9;8->7;8->1;8->3;8->5;8->9;10->9;10->1;10->3;10->5;10->7,0.0,0.1,0.3,0.3,0.15,0.15,70.0,0.201,6600.0,1.2
116,<polymer_spg>[*:1]CC([*:2])C(=O)OCCOC(C(F)(F)F)C(F)(F)F;[*:3]CC([*:4])C(=O)OCCOCCOCCOCCOCCOCCOCCOCCOCCOCCO;[*:5]CC([*:6])C(=O)OCCO;[*:7]CC([*:8])C(=O)OCCS(C)=O;2->1;2->3;2->5;2->7;4->3;4->1;4->5;4->7;6->5;6->1;6->3;6->7;8->7;8->1;8->3;8->5,0.0,0.4,0.0,0.1,0.1,0.4,64.0,0.1969999999999999,,
134,<polymer_spg>[*:1]CC([*:2])C(=O)OCCOC(C(F)(F)F)C(F)(F)F;[*:3]CC([*:4])C(=O)OCCOC(C(F)(F)F)(C(F)(F)F)C(F)(F)F;[*:5]CC([*:6])C(=O)OCCOCCOCCOCCOCCOCCOCCOCCOCCOCCO;[*:7]CC([*:8])C(=O)OCCO;[*:9]CC([*:10])C(=O)OCCS(C)=O;2->1;2->3;2->5;2->7;2->9;4->3;4->1;4->5;4->7;4->9;6->5;6->1;6->3;6->7;6->9;8->7;8->1;8->3;8->5;8->9;10->9;10->1;10->3;10->5;10->7,0.0,0.4,0.1,0.35,0.1,0.05,67.0,0.191,8600.0,1.21
158,<polymer_spg>[*:1]CC([*:2])C(=O)OCCOC(C(F)(F)F)C(F)(F)F;[*:3]CC([*:4])C(=O)OCCOCCOCCOCCOCCOCCOCCOCCOCCOCCO;[*:5]CC([*:6])C(=O)OCCO;2->1;2->3;2->5;4->3;4->1;4->5;6->5;6->3;6->1,0.0,0.55,0.0,0.25,0.2,0.0,97.0,0.216,,
188,<polymer_spg>[*:1]CC([*:2])C(=O)OCC(F)(F)F;[*:3]CC([*:4])C(=O)OCCOC(C(F)(F)F)(C(F)(F)F)C(F)(F)F;[*:5]CC([*:6])C(=O)OCCOCCOCCOCCOCCOCCOCCOCCOCCOCCO;[*:7]CC([*:8])C(=O)OCCO;[*:9]CC([*:10])C(=O)OCCS(C)=O;2->1;2->3;2->5;2->7;2->9;4->3;4->1;4->5;4->7;4->9;6->5;6->1;6->3;6->7;6->9;8->7;8->1;8->3;8->5;8->9;10->9;10->1;10->3;10->5;10->7,0.1,0.0,0.4,0.1,0.2,0.2,58.0,0.293,,
4,<polymer_spg>[*:1]CC([*:2])C(=O)OCCOC(C(F)(F)F)(C(F)(F)F)C(F)(F)F;[*:3]CC([*:4])C(=O)OCCOCCOCCOCCOCCOCCOCCOCCOCCOCCO;[*:5]CC([*:6])C(=O)OCCO;2->1;2->3;2->5;4->3;4->1;4->5;6->5;6->3;6->1,0.0,0.0,0.2,0.4,0.4,0.0,51.0,0.1119999999999999,,
96,<polymer_spg>[*:1]CC([*:2])C(=O)OCCOC(C(F)(F)F)C(F)(F)F;[*:3]CC([*:4])C(=O)OCCOC(C(F)(F)F)(C(F)(F)F)C(F)(F)F;[*:5]CC([*:6])C(=O)OCCOCCOCCOCCOCCOCCOCCOCCOCCOCCO;[*:7]CC([*:8])C(=O)OCCS(C)=O;2->1;2->3;2->5;2->7;4->3;4->1;4->5;4->7;6->5;6->1;6->3;6->7;8->7;8->1;8->3;8->5,0.0,0.2,0.3,0.4,0.0,0.1,67.0,0.205,,
139,<polymer_spg>[*:1]CC([*:2])C(=O)OCCOC(C(F)(F)F)C(F)(F)F;[*:3]CC([*:4])C(=O)OCCOC(C(F)(F)F)(C(F)(F)F)C(F)(F)F;[*:5]CC([*:6])C(=O)OCCOCCOCCOCCOCCOCCOCCOCCOCCOCCO;[*:7]CC([*:8])C(=O)OCCS(C)=O;2->1;2->3;2->5;2->7;4->3;4->1;4->5;4->7;6->5;6->1;6->3;6->7;8->7;8->1;8->3;8->5,0.0,0.45,0.05,0.3,0.0,0.2,74.0,0.191,6700.0,1.2
61,<polymer_spg>[*:1]CC([*:2])C(=O)OCCOC(C(F)(F)F)C(F)(F)F;[*:3]CC([*:4])C(=O)OCCOC(C(F)(F)F)(C(F)(F)F)C(F)(F)F;[*:5]CC([*:6])C(=O)OCCOCCOCCOCCOCCOCCOCCOCCOCCOCCO;[*:7]CC([*:8])C(=O)OCCO;[*:9]CC([*:10])C(=O)OCCS(C)=O;2->1;2->3;2->5;2->7;2->9;4->3;4->1;4->5;4->7;4->9;6->5;6->1;6->3;6->7;6->9;8->7;8->1;8->3;8->5;8->9;10->9;10->1;10->3;10->5;10->7,0.0,0.05,0.35,0.2,0.2,0.2,94.0,0.2319999999999999,7200.0,1.24
67,<polymer_spg>[*:1]CC([*:2])C(=O)OCCOC(C(F)(F)F)C(F)(F)F;[*:3]CC([*:4])C(=O)OCCOC(C(F)(F)F)(C(F)(F)F)C(F)(F)F;[*:5]CC([*:6])C(=O)OCCOCCOCCOCCOCCOCCOCCOCCOCCOCCO;[*:7]CC([*:8])C(=O)OCCS(C)=O;2->1;2->3;2->5;2->7;4->3;4->1;4->5;4->7;6->5;6->1;6->3;6->7;8->7;8->1;8->3;8->5,0.0,0.05,0.45,0.3,0.0,0.2,95.0,0.243,8600.0,1.12
52,<polymer_spg>[*:1]CC([*:2])C(=O)OCCOC(C(F)(F)F)(C(F)(F)F)C(F)(F)F;[*:3]CC([*:4])C(=O)OCCOCCOCCOCCOCCOCCOCCOCCOCCOCCO;2->1;2->3;4->3;4->1,0.0,0.0,0.5,0.5,0.0,0.0,98.0,0.21,,
66,<polymer_spg>[*:1]CC([*:2])C(=O)OCCOC(C(F)(F)F)C(F)(F)F;[*:3]CC([*:4])C(=O)OCCOC(C(F)(F)F)(C(F)(F)F)C(F)(F)F;[*:5]CC([*:6])C(=O)OCCOCCOCCOCCOCCOCCOCCOCCOCCOCCO;[*:7]CC([*:8])C(=O)OCCS(C)=O;2->1;2->3;2->5;2->7;4->3;4->1;4->5;4->7;6->5;6->1;6->3;6->7;8->7;8->1;8->3;8->5,0.0,0.05,0.45,0.25,0.0,0.25,97.0,0.255,7900.0,1.19
26,<polymer_spg>[*:1]CC([*:2])C(=O)OCCOC(C(F)(F)F)(C(F)(F)F)C(F)(F)F;[*:3]CC([*:4])C(=O)OCCOCCOCCOCCOCCOCCOCCOCCOCCOCCO;[*:5]CC([*:6])C(=O)OCCO;[*:7]CC([*:8])C(=O)OCCS(C)=O;2->1;2->3;2->5;2->7;4->3;4->1;4->5;4->7;6->5;6->1;6->3;6->7;8->7;8->1;8->3;8->5,0.0,0.0,0.4,0.1,0.1,0.4,94.0,0.265,7200.0,1.14
106,<polymer_spg>[*:1]CC([*:2])C(=O)OCCOC(C(F)(F)F)C(F)(F)F;[*:3]CC([*:4])C(=O)OCCOC(C(F)(F)F)(C(F)(F)F)C(F)(F)F;[*:5]CC([*:6])C(=O)OCCOCCOCCOCCOCCOCCOCCOCCOCCOCCO;[*:7]CC([*:8])C(=O)OCCO;2->1;2->3;2->5;2->7;4->3;4->1;4->5;4->7;6->5;6->1;6->3;6->7;8->7;8->1;8->3;8->5,0.0,0.3,0.1,0.4,0.2,0.0,58.0,0.156,7700.0,1.25
252,<polymer_spg>[*:1]CC([*:2])C(=O)OCC(F)(F)F;[*:3]CC([*:4])C(=O)OCCOCCOCCOCCOCCOCCOCCOCCOCCOCCO;[*:5]CC([*:6])C(=O)OCCS(C)=O;2->1;2->3;2->5;4->3;4->1;4->5;6->5;6->3;6->1,0.4,0.0,0.0,0.35,0.0,0.25,37.0,0.084,,
189,<polymer_spg>[*:1]CC([*:2])C(=O)OCC(F)(F)F;[*:3]CC([*:4])C(=O)OCCOC(C(F)(F)F)(C(F)(F)F)C(F)(F)F;[*:5]CC([*:6])C(=O)OCCOCCOCCOCCOCCOCCOCCOCCOCCOCCO;[*:7]CC([*:8])C(=O)OCCO;[*:9]CC([*:10])C(=O)OCCS(C)=O;2->1;2->3;2->5;2->7;2->9;4->3;4->1;4->5;4->7;4->9;6->5;6->1;6->3;6->7;6->9;8->7;8->1;8->3;8->5;8->9;10->9;10->1;10->3;10->5;10->7,0.1,0.0,0.4,0.25,0.1,0.15,87.0,0.243,8100.0,1.16
249,<polymer_spg>[*:1]CC([*:2])C(=O)OCC(F)(F)F;[*:3]CC([*:4])C(=O)OCCOC(C(F)(F)F)(C(F)(F)F)C(F)(F)F;[*:5]CC([*:6])C(=O)OCCOCCOCCOCCOCCOCCOCCOCCOCCOCCO;[*:7]CC([*:8])C(=O)OCCS(C)=O;2->1;2->3;2->5;2->7;4->3;4->1;4->5;4->7;6->5;6->1;6->3;6->7;8->7;8->1;8->3;8->5,0.35,0.0,0.2,0.4,0.0,0.05,56.0,0.1689999999999999,7500.0,1.26
40,<polymer_spg>[*:1]CC([*:2])C(=O)OCCOC(C(F)(F)F)(C(F)(F)F)C(F)(F)F;[*:3]CC([*:4])C(=O)OCCOCCOCCOCCOCCOCCOCCOCCOCCOCCO;[*:5]CC([*:6])C(=O)OCCO;[*:7]CC([*:8])C(=O)OCCS(C)=O;2->1;2->3;2->5;2->7;4->3;4->1;4->5;4->7;6->5;6->1;6->3;6->7;8->7;8->1;8->3;8->5,0.0,0.0,0.4,0.4,0.15,0.05,86.0,0.195,7700.0,1.24
13,<polymer_spg>[*:1]CC([*:2])C(=O)OCCOC(C(F)(F)F)(C(F)(F)F)C(F)(F)F;[*:3]CC([*:4])C(=O)OCCS(C)=O;2->1;2->3;4->3;4->1,0.0,0.0,0.3,0.0,0.0,0.7,89.0,0.24,,
107,<polymer_spg>[*:1]CC([*:2])C(=O)OCCOC(C(F)(F)F)C(F)(F)F;[*:3]CC([*:4])C(=O)OCCOC(C(F)(F)F)(C(F)(F)F)C(F)(F)F;[*:5]CC([*:6])C(=O)OCCOCCOCCOCCOCCOCCOCCOCCOCCOCCO;[*:7]CC([*:8])C(=O)OCCO;2->1;2->3;2->5;2->7;4->3;4->1;4->5;4->7;6->5;6->1;6->3;6->7;8->7;8->1;8->3;8->5,0.0,0.3,0.2,0.4,0.1,0.0,49.0,0.195,8500.0,1.15
144,<polymer_spg>[*:1]CC([*:2])C(=O)OCCOC(C(F)(F)F)C(F)(F)F;[*:3]CC([*:4])C(=O)OCCOCCOCCOCCOCCOCCOCCOCCOCCOCCO;[*:5]CC([*:6])C(=O)OCCO;[*:7]CC([*:8])C(=O)OCCS(C)=O;2->1;2->3;2->5;2->7;4->3;4->1;4->5;4->7;6->5;6->1;6->3;6->7;8->7;8->1;8->3;8->5,0.0,0.5,0.0,0.15,0.1,0.25,99.0,0.222,,
213,<polymer_spg>[*:1]CC([*:2])C(=O)OCC(F)(F)F;[*:3]CC([*:4])C(=O)OCCOC(C(F)(F)F)C(F)(F)F;[*:5]CC([*:6])C(=O)OCCOCCOCCOCCOCCOCCOCCOCCOCCOCCO;[*:7]CC([*:8])C(=O)OCCS(C)=O;2->1;2->3;2->5;2->7;4->3;4->1;4->5;4->7;6->5;6->1;6->3;6->7;8->7;8->1;8->3;8->5,0.1,0.4,0.0,0.4,0.0,0.1,74.0,0.155,,
3,<polymer_spg>[*:1]CC([*:2])C(=O)OCCOC(C(F)(F)F)(C(F)(F)F)C(F)(F)F;[*:3]CC([*:4])C(=O)OCCOCCOCCOCCOCCOCCOCCOCCOCCOCCO;[*:5]CC([*:6])C(=O)OCCS(C)=O;2->1;2->3;2->5;4->3;4->1;4->5;6->5;6->3;6->1,0.0,0.0,0.2,0.4,0.0,0.4,46.0,0.106,7800.0,1.26
146,<polymer_spg>[*:1]CC([*:2])C(=O)OCCOC(C(F)(F)F)C(F)(F)F;[*:3]CC([*:4])C(=O)OCCOCCOCCOCCOCCOCCOCCOCCOCCOCCO;[*:5]CC([*:6])C(=O)OCCO;[*:7]CC([*:8])C(=O)OCCS(C)=O;2->1;2->3;2->5;2->7;4->3;4->1;4->5;4->7;6->5;6->1;6->3;6->7;8->7;8->1;8->3;8->5,0.0,0.5,0.0,0.15,0.1,0.25,104.0,0.222,,
24,<polymer_spg>[*:1]CC([*:2])C(=O)OCCOC(C(F)(F)F)(C(F)(F)F)C(F)(F)F;[*:3]CC([*:4])C(=O)OCCOCCOCCOCCOCCOCCOCCOCCOCCOCCO;[*:5]CC([*:6])C(=O)OCCO;[*:7]CC([*:8])C(=O)OCCS(C)=O;2->1;2->3;2->5;2->7;4->3;4->1;4->5;4->7;6->5;6->1;6->3;6->7;8->7;8->1;8->3;8->5,0.0,0.0,0.35,0.15,0.2,0.3,89.0,0.2289999999999999,6700.0,1.18
30,<polymer_spg>[*:1]CC([*:2])C(=O)OCCOC(C(F)(F)F)(C(F)(F)F)C(F)(F)F;[*:3]CC([*:4])C(=O)OCCOCCOCCOCCOCCOCCOCCOCCOCCOCCO;[*:5]CC([*:6])C(=O)OCCO;[*:7]CC([*:8])C(=O)OCCS(C)=O;2->1;2->3;2->5;2->7;4->3;4->1;4->5;4->7;6->5;6->1;6->3;6->7;8->7;8->1;8->3;8->5,0.0,0.0,0.4,0.3,0.15,0.15,89.0,0.214,,
250,<polymer_spg>[*:1]CC([*:2])C(=O)OCC(F)(F)F;[*:3]CC([*:4])C(=O)OCCOC(C(F)(F)F)C(F)(F)F;[*:5]CC([*:6])C(=O)OCCOC(C(F)(F)F)(C(F)(F)F)C(F)(F)F;[*:7]CC([*:8])C(=O)OCCOCCOCCOCCOCCOCCOCCOCCOCCOCCO;[*:9]CC([*:10])C(=O)OCCO;2->1;2->3;2->5;2->7;2->9;4->3;4->1;4->5;4->7;4->9;6->5;6->1;6->3;6->7;6->9;8->7;8->1;8->3;8->5;8->9;10->9;10->1;10->3;10->5;10->7,0.35,0.15,0.15,0.25,0.1,0.0,48.0,0.2269999999999999,8000.0,1.13
207,<polymer_spg>[*:1]CC([*:2])C(=O)OCC(F)(F)F;[*:3]CC([*:4])C(=O)OCCOC(C(F)(F)F)C(F)(F)F;[*:5]CC([*:6])C(=O)OCCOC(C(F)(F)F)(C(F)(F)F)C(F)(F)F;[*:7]CC([*:8])C(=O)OCCO;[*:9]CC([*:10])C(=O)OCCS(C)=O;2->1;2->3;2->5;2->7;2->9;4->3;4->1;4->5;4->7;4->9;6->5;6->1;6->3;6->7;6->9;8->7;8->1;8->3;8->5;8->9;10->9;10->1;10->3;10->5;10->7,0.1,0.2,0.1,0.0,0.1,0.5,47.0,0.2339999999999999,6300.0,1.46
60,<polymer_spg>[*:1]CC([*:2])C(=O)OCCOC(C(F)(F)F)(C(F)(F)F)C(F)(F)F;[*:3]CC([*:4])C(=O)OCCOCCOCCOCCOCCOCCOCCOCCOCCOCCO;2->1;2->3;4->3;4->1,0.0,0.0,0.6,0.4,0.0,0.0,97.0,0.261,,
56,<polymer_spg>[*:1]CC([*:2])C(=O)OCCOC(C(F)(F)F)(C(F)(F)F)C(F)(F)F;[*:3]CC([*:4])C(=O)OCCOCCOCCOCCOCCOCCOCCOCCOCCOCCO;[*:5]CC([*:6])C(=O)OCCO;[*:7]CC([*:8])C(=O)OCCS(C)=O;2->1;2->3;2->5;2->7;4->3;4->1;4->5;4->7;6->5;6->1;6->3;6->7;8->7;8->1;8->3;8->5,0.0,0.0,0.55,0.2,0.2,0.05,44.0,0.302,,
246,<polymer_spg>[*:1]CC([*:2])C(=O)OCC(F)(F)F;[*:3]CC([*:4])C(=O)OCCOCCOCCOCCOCCOCCOCCOCCOCCOCCO;[*:5]CC([*:6])C(=O)OCCO;2->1;2->3;2->5;4->3;4->1;4->5;6->5;6->3;6->1,0.35,0.0,0.0,0.55,0.1,0.0,31.0,0.061,8500.0,1.21
156,<polymer_spg>[*:1]CC([*:2])C(=O)OCCOC(C(F)(F)F)C(F)(F)F;[*:3]CC([*:4])C(=O)OCCOCCOCCOCCOCCOCCOCCOCCOCCOCCO;[*:5]CC([*:6])C(=O)OCCS(C)=O;2->1;2->3;2->5;4->3;4->1;4->5;6->5;6->3;6->1,0.0,0.55,0.0,0.15,0.0,0.3,101.0,0.235,8200.0,1.14
46,<polymer_spg>[*:1]CC([*:2])C(=O)OCCOC(C(F)(F)F)(C(F)(F)F)C(F)(F)F;[*:3]CC([*:4])C(=O)OCCOCCOCCOCCOCCOCCOCCOCCOCCOCCO;[*:5]CC([*:6])C(=O)OCCS(C)=O;2->1;2->3;2->5;4->3;4->1;4->5;6->5;6->3;6->1,0.0,0.0,0.45,0.3,0.0,0.25,75.0,0.23,6200.0,1.26
19,<polymer_spg>[*:1]CC([*:2])C(=O)OCCOC(C(F)(F)F)(C(F)(F)F)C(F)(F)F;[*:3]CC([*:4])C(=O)OCCOCCOCCOCCOCCOCCOCCOCCOCCOCCO;[*:5]CC([*:6])C(=O)OCCO;[*:7]CC([*:8])C(=O)OCCS(C)=O;2->1;2->3;2->5;2->7;4->3;4->1;4->5;4->7;6->5;6->1;6->3;6->7;8->7;8->1;8->3;8->5,0.0,0.0,0.3,0.1,0.35,0.25,79.0,0.2239999999999999,7200.0,1.13
210,<polymer_spg>[*:1]CC([*:2])C(=O)OCC(F)(F)F;[*:3]CC([*:4])C(=O)OCCOC(C(F)(F)F)C(F)(F)F;[*:5]CC([*:6])C(=O)OCCOCCOCCOCCOCCOCCOCCOCCOCCOCCO;[*:7]CC([*:8])C(=O)OCCO;2->1;2->3;2->5;2->7;4->3;4->1;4->5;4->7;6->5;6->1;6->3;6->7;8->7;8->1;8->3;8->5,0.1,0.3,0.0,0.3,0.3,0.0,73.0,0.146,7800.0,1.23
152,<polymer_spg>[*:1]CC([*:2])C(=O)OCCOC(C(F)(F)F)C(F)(F)F;[*:3]CC([*:4])C(=O)OCCOCCOCCOCCOCCOCCOCCOCCOCCOCCO;2->1;2->3;4->3;4->1,0.0,0.5,0.0,0.5,0.0,0.0,87.0,0.153,,
54,<polymer_spg>[*:1]CC([*:2])C(=O)OCCOC(C(F)(F)F)(C(F)(F)F)C(F)(F)F;[*:3]CC([*:4])C(=O)OCCOCCOCCOCCOCCOCCOCCOCCOCCOCCO;2->1;2->3;4->3;4->1,0.0,0.0,0.5,0.5,0.0,0.0,99.0,0.21,,
225,<polymer_spg>[*:1]CC([*:2])C(=O)OCC(F)(F)F;[*:3]CC([*:4])C(=O)OCCOC(C(F)(F)F)C(F)(F)F;[*:5]CC([*:6])C(=O)OCCOC(C(F)(F)F)(C(F)(F)F)C(F)(F)F;[*:7]CC([*:8])C(=O)OCCOCCOCCOCCOCCOCCOCCOCCOCCOCCO;[*:9]CC([*:10])C(=O)OCCO;2->1;2->3;2->5;2->7;2->9;4->3;4->1;4->5;4->7;4->9;6->5;6->1;6->3;6->7;6->9;8->7;8->1;8->3;8->5;8->9;10->9;10->1;10->3;10->5;10->7,0.15,0.25,0.05,0.5,0.05,0.0,49.0,0.129,,
80,<polymer_spg>[*:1]CC([*:2])C(=O)OCCOC(C(F)(F)F)C(F)(F)F;[*:3]CC([*:4])C(=O)OCCOC(C(F)(F)F)(C(F)(F)F)C(F)(F)F;[*:5]CC([*:6])C(=O)OCCOCCOCCOCCOCCOCCOCCOCCOCCOCCO;[*:7]CC([*:8])C(=O)OCCS(C)=O;2->1;2->3;2->5;2->7;4->3;4->1;4->5;4->7;6->5;6->1;6->3;6->7;8->7;8->1;8->3;8->5,0.0,0.1,0.35,0.4,0.0,0.15,78.0,0.198,,
51,<polymer_spg>[*:1]CC([*:2])C(=O)OCCOC(C(F)(F)F)(C(F)(F)F)C(F)(F)F;[*:3]CC([*:4])C(=O)OCCOCCOCCOCCOCCOCCOCCOCCOCCOCCO;2->1;2->3;4->3;4->1,0.0,0.0,0.5,0.5,0.0,0.0,63.0,0.21,,
2,<polymer_spg>[*:1]CC([*:2])C(=O)OCCOC(C(F)(F)F)(C(F)(F)F)C(F)(F)F;[*:3]CC([*:4])C(=O)OCCOCCOCCOCCOCCOCCOCCOCCOCCOCCO;[*:5]CC([*:6])C(=O)OCCO;2->1;2->3;2->5;4->3;4->1;4->5;6->5;6->3;6->1,0.0,0.0,0.2,0.3,0.5,0.0,61.0,0.127,8100.0,1.16
194,<polymer_spg>[*:1]CC([*:2])C(=O)OCC(F)(F)F;[*:3]CC([*:4])C(=O)OCCOC(C(F)(F)F)C(F)(F)F;[*:5]CC([*:6])C(=O)OCCOC(C(F)(F)F)(C(F)(F)F)C(F)(F)F;[*:7]CC([*:8])C(=O)OCCOCCOCCOCCOCCOCCOCCOCCOCCOCCO;[*:9]CC([*:10])C(=O)OCCO;[*:11]CC([*:12])C(=O)OCCS(C)=O;2->1;2->3;2->5;2->7;2->9;2->11;4->3;4->1;4->5;4->7;4->9;4->11;6->5;6->1;6->3;6->7;6->9;6->11;8->7;8->1;8->3;8->5;8->9;8->11;10->9;10->1;10->3;10->5;10->7;10->11;12->11;12->1;12->3;12->5;12->7;12->9,0.1,0.05,0.4,0.2,0.05,0.2,85.0,0.2689999999999999,8300.0,1.1
104,<polymer_spg>[*:1]CC([*:2])C(=O)OCCOC(C(F)(F)F)C(F)(F)F;[*:3]CC([*:4])C(=O)OCCOCCOCCOCCOCCOCCOCCOCCOCCOCCO;2->1;2->3;4->3;4->1,0.0,0.3,0.0,0.7,0.0,0.0,43.0,0.0819999999999999,,
154,<polymer_spg>[*:1]CC([*:2])C(=O)OCCOC(C(F)(F)F)C(F)(F)F;[*:3]CC([*:4])C(=O)OCCOC(C(F)(F)F)(C(F)(F)F)C(F)(F)F;[*:5]CC([*:6])C(=O)OCCOCCOCCOCCOCCOCCOCCOCCOCCOCCO;[*:7]CC([*:8])C(=O)OCCS(C)=O;2->1;2->3;2->5;2->7;4->3;4->1;4->5;4->7;6->5;6->1;6->3;6->7;8->7;8->1;8->3;8->5,0.0,0.5,0.05,0.2,0.0,0.25,81.0,0.2289999999999999,8300.0,1.14
86,<polymer_spg>[*:1]CC([*:2])C(=O)OCCOC(C(F)(F)F)C(F)(F)F;[*:3]CC([*:4])C(=O)OCCOC(C(F)(F)F)(C(F)(F)F)C(F)(F)F;[*:5]CC([*:6])C(=O)OCCOCCOCCOCCOCCOCCOCCOCCOCCOCCO;[*:7]CC([*:8])C(=O)OCCO;[*:9]CC([*:10])C(=O)OCCS(C)=O;2->1;2->3;2->5;2->7;2->9;4->3;4->1;4->5;4->7;4->9;6->5;6->1;6->3;6->7;6->9;8->7;8->1;8->3;8->5;8->9;10->9;10->1;10->3;10->5;10->7,0.0,0.15,0.35,0.25,0.2,0.05,98.0,0.25,8400.0,1.09
10,<polymer_spg>[*:1]CC([*:2])C(=O)OCCOC(C(F)(F)F)(C(F)(F)F)C(F)(F)F;[*:3]CC([*:4])C(=O)OCCS(C)=O;2->1;2->3;4->3;4->1,0.0,0.0,0.3,0.0,0.0,0.7,83.0,0.24,,
161,<polymer_spg>[*:1]CC([*:2])C(=O)OCCOC(C(F)(F)F)C(F)(F)F;[*:3]CC([*:4])C(=O)OCCOCCOCCOCCOCCOCCOCCOCCOCCOCCO;[*:5]CC([*:6])C(=O)OCCO;2->1;2->3;2->5;4->3;4->1;4->5;6->5;6->3;6->1,0.0,0.55,0.0,0.25,0.2,0.0,108.0,0.216,8500.0,1.14
58,<polymer_spg>[*:1]CC([*:2])C(=O)OCCOC(C(F)(F)F)(C(F)(F)F)C(F)(F)F;[*:3]CC([*:4])C(=O)OCCOCCOCCOCCOCCOCCOCCOCCOCCOCCO;2->1;2->3;4->3;4->1,0.0,0.0,0.55,0.45,0.0,0.0,83.0,0.235,7200.0,1.22
41,<polymer_spg>[*:1]CC([*:2])C(=O)OCCOC(C(F)(F)F)(C(F)(F)F)C(F)(F)F;[*:3]CC([*:4])C(=O)OCCOCCOCCOCCOCCOCCOCCOCCOCCOCCO;[*:5]CC([*:6])C(=O)OCCO;2->1;2->3;2->5;4->3;4->1;4->5;6->5;6->3;6->1,0.0,0.0,0.4,0.4,0.2,0.0,91.0,0.196,,
14,<polymer_spg>[*:1]CC([*:2])C(=O)OCCOC(C(F)(F)F)(C(F)(F)F)C(F)(F)F;[*:3]CC([*:4])C(=O)OCCS(C)=O;2->1;2->3;4->3;4->1,0.0,0.0,0.3,0.0,0.0,0.7,90.0,0.24,,
50,<polymer_spg>[*:1]CC([*:2])C(=O)OCCOC(C(F)(F)F)(C(F)(F)F)C(F)(F)F;[*:3]CC([*:4])C(=O)OCCOCCOCCOCCOCCOCCOCCOCCOCCOCCO;[*:5]CC([*:6])C(=O)OCCS(C)=O;2->1;2->3;2->5;4->3;4->1;4->5;6->5;6->3;6->1,0.0,0.0,0.5,0.3,0.0,0.2,96.0,0.249,,
240,<polymer_spg>[*:1]CC([*:2])C(=O)OCC(F)(F)F;[*:3]CC([*:4])C(=O)OCCOCCOCCOCCOCCOCCOCCOCCOCCOCCO;[*:5]CC([*:6])C(=O)OCCO;2->1;2->3;2->5;4->3;4->1;4->5;6->5;6->3;6->1,0.3,0.0,0.0,0.6,0.1,0.0,33.0,0.049,9100.0,1.24
123,<polymer_spg>[*:1]CC([*:2])C(=O)OCCOC(C(F)(F)F)C(F)(F)F;[*:3]CC([*:4])C(=O)OCCOCCOCCOCCOCCOCCOCCOCCOCCOCCO;[*:5]CC([*:6])C(=O)OCCS(C)=O;2->1;2->3;2->5;4->3;4->1;4->5;6->5;6->3;6->1,0.0,0.4,0.0,0.3,0.0,0.3,79.0,0.152,,
62,<polymer_spg>[*:1]CC([*:2])C(=O)OCCOC(C(F)(F)F)C(F)(F)F;[*:3]CC([*:4])C(=O)OCCOC(C(F)(F)F)(C(F)(F)F)C(F)(F)F;[*:5]CC([*:6])C(=O)OCCOCCOCCOCCOCCOCCOCCOCCOCCOCCO;[*:7]CC([*:8])C(=O)OCCO;2->1;2->3;2->5;2->7;4->3;4->1;4->5;4->7;6->5;6->1;6->3;6->7;8->7;8->1;8->3;8->5,0.0,0.05,0.35,0.2,0.4,0.0,101.0,0.24,8400.0,1.11
157,<polymer_spg>[*:1]CC([*:2])C(=O)OCCOC(C(F)(F)F)C(F)(F)F;[*:3]CC([*:4])C(=O)OCCOCCOCCOCCOCCOCCOCCOCCOCCOCCO;[*:5]CC([*:6])C(=O)OCCO;[*:7]CC([*:8])C(=O)OCCS(C)=O;2->1;2->3;2->5;2->7;4->3;4->1;4->5;4->7;6->5;6->1;6->3;6->7;8->7;8->1;8->3;8->5,0.0,0.55,0.0,0.15,0.1,0.2,92.0,0.239,8500.0,1.13
227,<polymer_spg>[*:1]CC([*:2])C(=O)OCC(F)(F)F;[*:3]CC([*:4])C(=O)OCCO;2->1;2->3;4->3;4->1,0.2,0.0,0.0,0.0,0.8,0.0,53.0,0.092,,
130,<polymer_spg>[*:1]CC([*:2])C(=O)OCCOC(C(F)(F)F)C(F)(F)F;[*:3]CC([*:4])C(=O)OCCOC(C(F)(F)F)(C(F)(F)F)C(F)(F)F;[*:5]CC([*:6])C(=O)OCCOCCOCCOCCOCCOCCOCCOCCOCCOCCO;[*:7]CC([*:8])C(=O)OCCO;2->1;2->3;2->5;2->7;4->3;4->1;4->5;4->7;6->5;6->1;6->3;6->7;8->7;8->1;8->3;8->5,0.0,0.4,0.1,0.2,0.3,0.0,65.0,0.2319999999999999,7200.0,1.26
173,<polymer_spg>[*:1]CC([*:2])C(=O)OCC(F)(F)F;[*:3]CC([*:4])C(=O)OCCOC(C(F)(F)F)C(F)(F)F;[*:5]CC([*:6])C(=O)OCCOC(C(F)(F)F)(C(F)(F)F)C(F)(F)F;[*:7]CC([*:8])C(=O)OCCOCCOCCOCCOCCOCCOCCOCCOCCOCCO;[*:9]CC([*:10])C(=O)OCCO;[*:11]CC([*:12])C(=O)OCCS(C)=O;2->1;2->3;2->5;2->7;2->9;2->11;4->3;4->1;4->5;4->7;4->9;4->11;6->5;6->1;6->3;6->7;6->9;6->11;8->7;8->1;8->3;8->5;8->9;8->11;10->9;10->1;10->3;10->5;10->7;10->11;12->11;12->1;12->3;12->5;12->7;12->9,0.05,0.05,0.25,0.3,0.2,0.15,64.0,0.173,,
153,<polymer_spg>[*:1]CC([*:2])C(=O)OCCOC(C(F)(F)F)C(F)(F)F;[*:3]CC([*:4])C(=O)OCCOCCOCCOCCOCCOCCOCCOCCOCCOCCO;2->1;2->3;4->3;4->1,0.0,0.5,0.0,0.5,0.0,0.0,100.0,0.153,,
43,<polymer_spg>[*:1]CC([*:2])C(=O)OCCOC(C(F)(F)F)(C(F)(F)F)C(F)(F)F;[*:3]CC([*:4])C(=O)OCCOCCOCCOCCOCCOCCOCCOCCOCCOCCO;[*:5]CC([*:6])C(=O)OCCS(C)=O;2->1;2->3;2->5;4->3;4->1;4->5;6->5;6->3;6->1,0.0,0.0,0.4,0.5,0.0,0.1,85.0,0.175,7400.0,1.28
219,<polymer_spg>[*:1]CC([*:2])C(=O)OCC(F)(F)F;[*:3]CC([*:4])C(=O)OCCOC(C(F)(F)F)C(F)(F)F;[*:5]CC([*:6])C(=O)OCCOC(C(F)(F)F)(C(F)(F)F)C(F)(F)F;[*:7]CC([*:8])C(=O)OCCOCCOCCOCCOCCOCCOCCOCCOCCOCCO;[*:9]CC([*:10])C(=O)OCCO;2->1;2->3;2->5;2->7;2->9;4->3;4->1;4->5;4->7;4->9;6->5;6->1;6->3;6->7;6->9;8->7;8->1;8->3;8->5;8->9;10->9;10->1;10->3;10->5;10->7,0.1,0.55,0.05,0.25,0.05,0.0,68.0,0.253,,
138,<polymer_spg>[*:1]CC([*:2])C(=O)OCCOC(C(F)(F)F)C(F)(F)F;[*:3]CC([*:4])C(=O)OCCOCCOCCOCCOCCOCCOCCOCCOCCOCCO;[*:5]CC([*:6])C(=O)OCCO;[*:7]CC([*:8])C(=O)OCCS(C)=O;2->1;2->3;2->5;2->7;4->3;4->1;4->5;4->7;6->5;6->1;6->3;6->7;8->7;8->1;8->3;8->5,0.0,0.45,0.0,0.1,0.15,0.3,95.0,0.2189999999999999,7400.0,1.19
166,<polymer_spg>[*:1]CC([*:2])C(=O)OCCOC(C(F)(F)F)C(F)(F)F;[*:3]CC([*:4])C(=O)OCCOCCOCCOCCOCCOCCOCCOCCOCCOCCO;[*:5]CC([*:6])C(=O)OCCO;[*:7]CC([*:8])C(=O)OCCS(C)=O;2->1;2->3;2->5;2->7;4->3;4->1;4->5;4->7;6->5;6->1;6->3;6->7;8->7;8->1;8->3;8->5,0.0,0.6,0.0,0.25,0.1,0.05,97.0,0.228,8500.0,1.14
179,<polymer_spg>[*:1]CC([*:2])C(=O)OCC(F)(F)F;[*:3]CC([*:4])C(=O)OCCOC(C(F)(F)F)C(F)(F)F;[*:5]CC([*:6])C(=O)OCCOCCOCCOCCOCCOCCOCCOCCOCCOCCO;[*:7]CC([*:8])C(=O)OCCS(C)=O;2->1;2->3;2->5;2->7;4->3;4->1;4->5;4->7;6->5;6->1;6->3;6->7;8->7;8->1;8->3;8->5,0.05,0.6,0.0,0.25,0.0,0.1,101.0,0.235,8500.0,1.17
149,<polymer_spg>[*:1]CC([*:2])C(=O)OCCOC(C(F)(F)F)C(F)(F)F;[*:3]CC([*:4])C(=O)OCCOCCOCCOCCOCCOCCOCCOCCOCCOCCO;[*:5]CC([*:6])C(=O)OCCO;[*:7]CC([*:8])C(=O)OCCS(C)=O;2->1;2->3;2->5;2->7;4->3;4->1;4->5;4->7;6->5;6->1;6->3;6->7;8->7;8->1;8->3;8->5,0.0,0.5,0.0,0.35,0.1,0.05,91.0,0.178,7500.0,1.21
112,<polymer_spg>[*:1]CC([*:2])C(=O)OCCOC(C(F)(F)F)C(F)(F)F;[*:3]CC([*:4])C(=O)OCCS(C)=O;2->1;2->3;4->3;4->1,0.0,0.4,0.0,0.0,0.0,0.6,88.0,0.2239999999999999,,
205,<polymer_spg>[*:1]CC([*:2])C(=O)OCC(F)(F)F;[*:3]CC([*:4])C(=O)OCCOC(C(F)(F)F)C(F)(F)F;[*:5]CC([*:6])C(=O)OCCOC(C(F)(F)F)(C(F)(F)F)C(F)(F)F;[*:7]CC([*:8])C(=O)OCCOCCOCCOCCOCCOCCOCCOCCOCCOCCO;[*:9]CC([*:10])C(=O)OCCO;2->1;2->3;2->5;2->7;2->9;4->3;4->1;4->5;4->7;4->9;6->5;6->1;6->3;6->7;6->9;8->7;8->1;8->3;8->5;8->9;10->9;10->1;10->3;10->5;10->7,0.1,0.1,0.2,0.2,0.4,0.0,73.0,0.204,8300.0,1.14
98,<polymer_spg>[*:1]CC([*:2])C(=O)OCCOC(C(F)(F)F)C(F)(F)F;[*:3]CC([*:4])C(=O)OCCOC(C(F)(F)F)(C(F)(F)F)C(F)(F)F;[*:5]CC([*:6])C(=O)OCCOCCOCCOCCOCCOCCOCCOCCOCCOCCO;[*:7]CC([*:8])C(=O)OCCS(C)=O;2->1;2->3;2->5;2->7;4->3;4->1;4->5;4->7;6->5;6->1;6->3;6->7;8->7;8->1;8->3;8->5,0.0,0.25,0.35,0.35,0.0,0.05,92.0,0.246,,
178,<polymer_spg>[*:1]CC([*:2])C(=O)OCC(F)(F)F;[*:3]CC([*:4])C(=O)OCCOC(C(F)(F)F)C(F)(F)F;[*:5]CC([*:6])C(=O)OCCOCCOCCOCCOCCOCCOCCOCCOCCOCCO;[*:7]CC([*:8])C(=O)OCCS(C)=O;2->1;2->3;2->5;2->7;4->3;4->1;4->5;4->7;6->5;6->1;6->3;6->7;8->7;8->1;8->3;8->5,0.05,0.55,0.0,0.15,0.0,0.25,101.0,0.246,,
93,<polymer_spg>[*:1]CC([*:2])C(=O)OCCOC(C(F)(F)F)C(F)(F)F;[*:3]CC([*:4])C(=O)OCCOC(C(F)(F)F)(C(F)(F)F)C(F)(F)F;[*:5]CC([*:6])C(=O)OCCOCCOCCOCCOCCOCCOCCOCCOCCOCCO;[*:7]CC([*:8])C(=O)OCCO;2->1;2->3;2->5;2->7;4->3;4->1;4->5;4->7;6->5;6->1;6->3;6->7;8->7;8->1;8->3;8->5,0.0,0.2,0.2,0.3,0.3,0.0,59.0,0.191,,
199,<polymer_spg>[*:1]CC([*:2])C(=O)OCC(F)(F)F;[*:3]CC([*:4])C(=O)OCCOC(C(F)(F)F)C(F)(F)F;[*:5]CC([*:6])C(=O)OCCOC(C(F)(F)F)(C(F)(F)F)C(F)(F)F;[*:7]CC([*:8])C(=O)OCCOCCOCCOCCOCCOCCOCCOCCOCCOCCO;[*:9]CC([*:10])C(=O)OCCO;[*:11]CC([*:12])C(=O)OCCS(C)=O;2->1;2->3;2->5;2->7;2->9;2->11;4->3;4->1;4->5;4->7;4->9;4->11;6->5;6->1;6->3;6->7;6->9;6->11;8->7;8->1;8->3;8->5;8->9;8->11;10->9;10->1;10->3;10->5;10->7;10->11;12->11;12->1;12->3;12->5;12->7;12->9,0.1,0.1,0.15,0.2,0.25,0.2,39.0,0.171,7400.0,1.27
36,<polymer_spg>[*:1]CC([*:2])C(=O)OCCOC(C(F)(F)F)(C(F)(F)F)C(F)(F)F;[*:3]CC([*:4])C(=O)OCCOCCOCCOCCOCCOCCOCCOCCOCCOCCO;[*:5]CC([*:6])C(=O)OCCS(C)=O;2->1;2->3;2->5;4->3;4->1;4->5;6->5;6->3;6->1,0.0,0.0,0.4,0.4,0.0,0.2,90.0,0.191,,
113,<polymer_spg>[*:1]CC([*:2])C(=O)OCCOC(C(F)(F)F)C(F)(F)F;[*:3]CC([*:4])C(=O)OCCS(C)=O;2->1;2->3;4->3;4->1,0.0,0.4,0.0,0.0,0.0,0.6,90.0,0.2239999999999999,,
0,<polymer_spg>[*:1]CC([*:2])C(=O)OCCOC(C(F)(F)F)(C(F)(F)F)C(F)(F)F;[*:3]CC([*:4])C(=O)OCCOCCOCCOCCOCCOCCOCCOCCOCCOCCO;2->1;2->3;4->3;4->1,0.0,0.0,0.1,0.9,0.0,0.0,20.0,0.037,,
94,<polymer_spg>[*:1]CC([*:2])C(=O)OCCOC(C(F)(F)F)C(F)(F)F;[*:3]CC([*:4])C(=O)OCCOC(C(F)(F)F)(C(F)(F)F)C(F)(F)F;[*:5]CC([*:6])C(=O)OCCOCCOCCOCCOCCOCCOCCOCCOCCOCCO;[*:7]CC([*:8])C(=O)OCCS(C)=O;2->1;2->3;2->5;2->7;4->3;4->1;4->5;4->7;6->5;6->1;6->3;6->7;8->7;8->1;8->3;8->5,0.0,0.2,0.2,0.4,0.0,0.2,53.0,0.165,,
95,<polymer_spg>[*:1]CC([*:2])C(=O)OCCOC(C(F)(F)F)C(F)(F)F;[*:3]CC([*:4])C(=O)OCCOC(C(F)(F)F)(C(F)(F)F)C(F)(F)F;[*:5]CC([*:6])C(=O)OCCOCCOCCOCCOCCOCCOCCOCCOCCOCCO;[*:7]CC([*:8])C(=O)OCCO;[*:9]CC([*:10])C(=O)OCCS(C)=O;2->1;2->3;2->5;2->7;2->9;4->3;4->1;4->5;4->7;4->9;6->5;6->1;6->3;6->7;6->9;8->7;8->1;8->3;8->5;8->9;10->9;10->1;10->3;10->5;10->7,0.0,0.2,0.3,0.3,0.1,0.1,74.0,0.228,,
221,<polymer_spg>[*:1]CC([*:2])C(=O)OCC(F)(F)F;[*:3]CC([*:4])C(=O)OCCOC(C(F)(F)F)C(F)(F)F;[*:5]CC([*:6])C(=O)OCCOC(C(F)(F)F)(C(F)(F)F)C(F)(F)F;[*:7]CC([*:8])C(=O)OCCOCCOCCOCCOCCOCCOCCOCCOCCOCCO;[*:9]CC([*:10])C(=O)OCCO;2->1;2->3;2->5;2->7;2->9;4->3;4->1;4->5;4->7;4->9;6->5;6->1;6->3;6->7;6->9;8->7;8->1;8->3;8->5;8->9;10->9;10->1;10->3;10->5;10->7,0.1,0.55,0.05,0.25,0.05,0.0,88.0,0.253,6470.0,1.13
69,<polymer_spg>[*:1]CC([*:2])C(=O)OCCOC(C(F)(F)F)C(F)(F)F;[*:3]CC([*:4])C(=O)OCCOCCOCCOCCOCCOCCOCCOCCOCCOCCO;[*:5]CC([*:6])C(=O)OCCO;[*:7]CC([*:8])C(=O)OCCS(C)=O;2->1;2->3;2->5;2->7;4->3;4->1;4->5;4->7;6->5;6->1;6->3;6->7;8->7;8->1;8->3;8->5,0.0,0.1,0.0,0.1,0.6,0.2,39.0,0.065,,
49,<polymer_spg>[*:1]CC([*:2])C(=O)OCCOC(C(F)(F)F)(C(F)(F)F)C(F)(F)F;[*:3]CC([*:4])C(=O)OCCOCCOCCOCCOCCOCCOCCOCCOCCOCCO;[*:5]CC([*:6])C(=O)OCCS(C)=O;2->1;2->3;2->5;4->3;4->1;4->5;6->5;6->3;6->1,0.0,0.0,0.45,0.5,0.0,0.05,95.0,0.193,8600.0,1.15
48,<polymer_spg>[*:1]CC([*:2])C(=O)OCCOC(C(F)(F)F)(C(F)(F)F)C(F)(F)F;[*:3]CC([*:4])C(=O)OCCOCCOCCOCCOCCOCCOCCOCCOCCOCCO;[*:5]CC([*:6])C(=O)OCCO;[*:7]CC([*:8])C(=O)OCCS(C)=O;2->1;2->3;2->5;2->7;4->3;4->1;4->5;4->7;6->5;6->1;6->3;6->7;8->7;8->1;8->3;8->5,0.0,0.0,0.45,0.45,0.05,0.05,88.0,0.2019999999999999,8200.0,1.18
85,<polymer_spg>[*:1]CC([*:2])C(=O)OCCOC(C(F)(F)F)C(F)(F)F;[*:3]CC([*:4])C(=O)OCCOC(C(F)(F)F)(C(F)(F)F)C(F)(F)F;[*:5]CC([*:6])C(=O)OCCOCCOCCOCCOCCOCCOCCOCCOCCOCCO;[*:7]CC([*:8])C(=O)OCCO;[*:9]CC([*:10])C(=O)OCCS(C)=O;2->1;2->3;2->5;2->7;2->9;4->3;4->1;4->5;4->7;4->9;6->5;6->1;6->3;6->7;6->9;8->7;8->1;8->3;8->5;8->9;10->9;10->1;10->3;10->5;10->7,0.0,0.15,0.3,0.4,0.1,0.05,73.0,0.1939999999999999,,
268,<polymer_spg>[*:1]CC([*:2])C(=O)OCC(F)(F)F;[*:3]CC([*:4])C(=O)OCCOCCOCCOCCOCCOCCOCCOCCOCCOCCO;2->1;2->3;4->3;4->1,0.6,0.0,0.0,0.4,0.0,0.0,47.0,0.12,,
141,<polymer_spg>[*:1]CC([*:2])C(=O)OCCOC(C(F)(F)F)C(F)(F)F;[*:3]CC([*:4])C(=O)OCCOC(C(F)(F)F)(C(F)(F)F)C(F)(F)F;[*:5]CC([*:6])C(=O)OCCOCCOCCOCCOCCOCCOCCOCCOCCOCCO;[*:7]CC([*:8])C(=O)OCCO;[*:9]CC([*:10])C(=O)OCCS(C)=O;2->1;2->3;2->5;2->7;2->9;4->3;4->1;4->5;4->7;4->9;6->5;6->1;6->3;6->7;6->9;8->7;8->1;8->3;8->5;8->9;10->9;10->1;10->3;10->5;10->7,0.0,0.45,0.05,0.4,0.05,0.05,77.0,0.175,7900.0,1.28
23,<polymer_spg>[*:1]CC([*:2])C(=O)OCCOC(C(F)(F)F)(C(F)(F)F)C(F)(F)F;[*:3]CC([*:4])C(=O)OCCOCCOCCOCCOCCOCCOCCOCCOCCOCCO;[*:5]CC([*:6])C(=O)OCCO;[*:7]CC([*:8])C(=O)OCCS(C)=O;2->1;2->3;2->5;2->7;4->3;4->1;4->5;4->7;6->5;6->1;6->3;6->7;8->7;8->1;8->3;8->5,0.0,0.0,0.35,0.1,0.25,0.3,84.0,0.247,6300.0,1.19
247,<polymer_spg>[*:1]CC([*:2])C(=O)OCC(F)(F)F;[*:3]CC([*:4])C(=O)OCCOCCOCCOCCOCCOCCOCCOCCOCCOCCO;[*:5]CC([*:6])C(=O)OCCO;2->1;2->3;2->5;4->3;4->1;4->5;6->5;6->3;6->1,0.35,0.0,0.0,0.55,0.1,0.0,32.0,0.061,7000.0,1.35
143,<polymer_spg>[*:1]CC([*:2])C(=O)OCCOC(C(F)(F)F)C(F)(F)F;[*:3]CC([*:4])C(=O)OCCOCCOCCOCCOCCOCCOCCOCCOCCOCCO;[*:5]CC([*:6])C(=O)OCCO;[*:7]CC([*:8])C(=O)OCCS(C)=O;2->1;2->3;2->5;2->7;4->3;4->1;4->5;4->7;6->5;6->1;6->3;6->7;8->7;8->1;8->3;8->5,0.0,0.5,0.0,0.15,0.1,0.25,99.0,0.222,,
78,<polymer_spg>[*:1]CC([*:2])C(=O)OCCOC(C(F)(F)F)C(F)(F)F;[*:3]CC([*:4])C(=O)OCCOC(C(F)(F)F)(C(F)(F)F)C(F)(F)F;[*:5]CC([*:6])C(=O)OCCOCCOCCOCCOCCOCCOCCOCCOCCOCCO;[*:7]CC([*:8])C(=O)OCCO;[*:9]CC([*:10])C(=O)OCCS(C)=O;2->1;2->3;2->5;2->7;2->9;4->3;4->1;4->5;4->7;4->9;6->5;6->1;6->3;6->7;6->9;8->7;8->1;8->3;8->5;8->9;10->9;10->1;10->3;10->5;10->7,0.0,0.1,0.35,0.2,0.3,0.05,80.0,0.252,8400.0,1.07
100,<polymer_spg>[*:1]CC([*:2])C(=O)OCCOC(C(F)(F)F)C(F)(F)F;[*:3]CC([*:4])C(=O)OCCOCCOCCOCCOCCOCCOCCOCCOCCOCCO;[*:5]CC([*:6])C(=O)OCCO;[*:7]CC([*:8])C(=O)OCCS(C)=O;2->1;2->3;2->5;2->7;4->3;4->1;4->5;4->7;6->5;6->1;6->3;6->7;8->7;8->1;8->3;8->5,0.0,0.3,0.0,0.3,0.1,0.3,57.0,0.12,,
131,<polymer_spg>[*:1]CC([*:2])C(=O)OCCOC(C(F)(F)F)C(F)(F)F;[*:3]CC([*:4])C(=O)OCCOC(C(F)(F)F)(C(F)(F)F)C(F)(F)F;[*:5]CC([*:6])C(=O)OCCOCCOCCOCCOCCOCCOCCOCCOCCOCCO;[*:7]CC([*:8])C(=O)OCCS(C)=O;2->1;2->3;2->5;2->7;4->3;4->1;4->5;4->7;6->5;6->1;6->3;6->7;8->7;8->1;8->3;8->5,0.0,0.4,0.1,0.3,0.0,0.2,70.0,0.198,7800.0,1.19
226,<polymer_spg>[*:1]CC([*:2])C(=O)OCC(F)(F)F;[*:3]CC([*:4])C(=O)OCCOC(C(F)(F)F)C(F)(F)F;[*:5]CC([*:6])C(=O)OCCOC(C(F)(F)F)(C(F)(F)F)C(F)(F)F;[*:7]CC([*:8])C(=O)OCCOCCOCCOCCOCCOCCOCCOCCOCCOCCO;[*:9]CC([*:10])C(=O)OCCO;2->1;2->3;2->5;2->7;2->9;4->3;4->1;4->5;4->7;4->9;6->5;6->1;6->3;6->7;6->9;8->7;8->1;8->3;8->5;8->9;10->9;10->1;10->3;10->5;10->7,0.15,0.25,0.05,0.5,0.05,0.0,63.0,0.129,,
269,<polymer_spg>[*:1]CC([*:2])C(=O)OCC(F)(F)F;[*:3]CC([*:4])C(=O)OCCOCCOCCOCCOCCOCCOCCOCCOCCOCCO;2->1;2->3;4->3;4->1,0.6,0.0,0.0,0.4,0.0,0.0,52.0,0.12,,
6,<polymer_spg>[*:1]CC([*:2])C(=O)OCCOC(C(F)(F)F)(C(F)(F)F)C(F)(F)F;[*:3]CC([*:4])C(=O)OCCOCCOCCOCCOCCOCCOCCOCCOCCOCCO;[*:5]CC([*:6])C(=O)OCCO;2->1;2->3;2->5;4->3;4->1;4->5;6->5;6->3;6->1,0.0,0.0,0.2,0.4,0.4,0.0,57.0,0.1119999999999999,8400.0,1.19
68,<polymer_spg>[*:1]CC([*:2])C(=O)OCCOC(C(F)(F)F)C(F)(F)F;[*:3]CC([*:4])C(=O)OCCOCCOCCOCCOCCOCCOCCOCCOCCOCCO;[*:5]CC([*:6])C(=O)OCCO;[*:7]CC([*:8])C(=O)OCCS(C)=O;2->1;2->3;2->5;2->7;4->3;4->1;4->5;4->7;6->5;6->1;6->3;6->7;8->7;8->1;8->3;8->5,0.0,0.1,0.0,0.1,0.3,0.5,85.0,0.06,,
84,<polymer_spg>[*:1]CC([*:2])C(=O)OCCOC(C(F)(F)F)C(F)(F)F;[*:3]CC([*:4])C(=O)OCCOC(C(F)(F)F)(C(F)(F)F)C(F)(F)F;[*:5]CC([*:6])C(=O)OCCOCCOCCOCCOCCOCCOCCOCCOCCOCCO;[*:7]CC([*:8])C(=O)OCCS(C)=O;2->1;2->3;2->5;2->7;4->3;4->1;4->5;4->7;6->5;6->1;6->3;6->7;8->7;8->1;8->3;8->5,0.0,0.15,0.3,0.35,0.0,0.2,60.0,0.201,7400.0,1.24
170,<polymer_spg>[*:1]CC([*:2])C(=O)OCC(F)(F)F;[*:3]CC([*:4])C(=O)OCCOC(C(F)(F)F)(C(F)(F)F)C(F)(F)F;[*:5]CC([*:6])C(=O)OCCOCCOCCOCCOCCOCCOCCOCCOCCOCCO;[*:7]CC([*:8])C(=O)OCCO;[*:9]CC([*:10])C(=O)OCCS(C)=O;2->1;2->3;2->5;2->7;2->9;4->3;4->1;4->5;4->7;4->9;6->5;6->1;6->3;6->7;6->9;8->7;8->1;8->3;8->5;8->9;10->9;10->1;10->3;10->5;10->7,0.05,0.0,0.4,0.3,0.1,0.15,86.0,0.222,7700.0,1.16
121,<polymer_spg>[*:1]CC([*:2])C(=O)OCCOC(C(F)(F)F)C(F)(F)F;[*:3]CC([*:4])C(=O)OCCOCCOCCOCCOCCOCCOCCOCCOCCOCCO;[*:5]CC([*:6])C(=O)OCCO;[*:7]CC([*:8])C(=O)OCCS(C)=O;2->1;2->3;2->5;2->7;4->3;4->1;4->5;4->7;6->5;6->1;6->3;6->7;8->7;8->1;8->3;8->5,0.0,0.4,0.0,0.15,0.25,0.2,79.0,0.19,,
140,<polymer_spg>[*:1]CC([*:2])C(=O)OCCOC(C(F)(F)F)C(F)(F)F;[*:3]CC([*:4])C(=O)OCCOC(C(F)(F)F)(C(F)(F)F)C(F)(F)F;[*:5]CC([*:6])C(=O)OCCOCCOCCOCCOCCOCCOCCOCCOCCOCCO;[*:7]CC([*:8])C(=O)OCCS(C)=O;2->1;2->3;2->5;2->7;4->3;4->1;4->5;4->7;6->5;6->1;6->3;6->7;8->7;8->1;8->3;8->5,0.0,0.45,0.05,0.35,0.0,0.15,76.0,0.182,8200.0,1.17
212,<polymer_spg>[*:1]CC([*:2])C(=O)OCC(F)(F)F;[*:3]CC([*:4])C(=O)OCCOC(C(F)(F)F)C(F)(F)F;[*:5]CC([*:6])C(=O)OCCOC(C(F)(F)F)(C(F)(F)F)C(F)(F)F;[*:7]CC([*:8])C(=O)OCCOCCOCCOCCOCCOCCOCCOCCOCCOCCO;[*:9]CC([*:10])C(=O)OCCO;2->1;2->3;2->5;2->7;2->9;4->3;4->1;4->5;4->7;4->9;6->5;6->1;6->3;6->7;6->9;8->7;8->1;8->3;8->5;8->9;10->9;10->1;10->3;10->5;10->7,0.1,0.3,0.1,0.4,0.1,0.0,52.0,0.172,8800.0,1.19
238,<polymer_spg>[*:1]CC([*:2])C(=O)OCC(F)(F)F;[*:3]CC([*:4])C(=O)OCCOCCOCCOCCOCCOCCOCCOCCOCCOCCO;[*:5]CC([*:6])C(=O)OCCO;2->1;2->3;2->5;4->3;4->1;4->5;6->5;6->3;6->1,0.3,0.0,0.0,0.6,0.1,0.0,27.0,0.049,9400.0,1.21
232,<polymer_spg>[*:1]CC([*:2])C(=O)OCC(F)(F)F;[*:3]CC([*:4])C(=O)OCCOC(C(F)(F)F)C(F)(F)F;[*:5]CC([*:6])C(=O)OCCOCCOCCOCCOCCOCCOCCOCCOCCOCCO;[*:7]CC([*:8])C(=O)OCCS(C)=O;2->1;2->3;2->5;2->7;4->3;4->1;4->5;4->7;6->5;6->1;6->3;6->7;8->7;8->1;8->3;8->5,0.2,0.2,0.0,0.4,0.0,0.2,46.0,0.111,8400.0,1.22
214,<polymer_spg>[*:1]CC([*:2])C(=O)OCC(F)(F)F;[*:3]CC([*:4])C(=O)OCCOC(C(F)(F)F)C(F)(F)F;[*:5]CC([*:6])C(=O)OCCOCCOCCOCCOCCOCCOCCOCCOCCOCCO;[*:7]CC([*:8])C(=O)OCCO;2->1;2->3;2->5;2->7;4->3;4->1;4->5;4->7;6->5;6->1;6->3;6->7;8->7;8->1;8->3;8->5,0.1,0.4,0.0,0.4,0.1,0.0,74.0,0.158,9300.0,1.2
91,<polymer_spg>[*:1]CC([*:2])C(=O)OCCOC(C(F)(F)F)C(F)(F)F;[*:3]CC([*:4])C(=O)OCCOC(C(F)(F)F)(C(F)(F)F)C(F)(F)F;[*:5]CC([*:6])C(=O)OCCO;[*:7]CC([*:8])C(=O)OCCS(C)=O;2->1;2->3;2->5;2->7;4->3;4->1;4->5;4->7;6->5;6->1;6->3;6->7;8->7;8->1;8->3;8->5,0.0,0.2,0.1,0.0,0.2,0.5,42.0,0.209,,
239,<polymer_spg>[*:1]CC([*:2])C(=O)OCC(F)(F)F;[*:3]CC([*:4])C(=O)OCCOCCOCCOCCOCCOCCOCCOCCOCCOCCO;[*:5]CC([*:6])C(=O)OCCO;2->1;2->3;2->5;4->3;4->1;4->5;6->5;6->3;6->1,0.3,0.0,0.0,0.6,0.1,0.0,28.0,0.049,9400.0,1.19
255,<polymer_spg>[*:1]CC([*:2])C(=O)OCC(F)(F)F;[*:3]CC([*:4])C(=O)OCCOCCOCCOCCOCCOCCOCCOCCOCCOCCO;[*:5]CC([*:6])C(=O)OCCO;2->1;2->3;2->5;4->3;4->1;4->5;6->5;6->3;6->1,0.4,0.0,0.0,0.5,0.1,0.0,34.0,0.073,8700.0,1.21
11,<polymer_spg>[*:1]CC([*:2])C(=O)OCCOC(C(F)(F)F)(C(F)(F)F)C(F)(F)F;[*:3]CC([*:4])C(=O)OCCS(C)=O;2->1;2->3;4->3;4->1,0.0,0.0,0.3,0.0,0.0,0.7,84.0,0.24,,
119,<polymer_spg>[*:1]CC([*:2])C(=O)OCCOC(C(F)(F)F)C(F)(F)F;[*:3]CC([*:4])C(=O)OCCOCCOCCOCCOCCOCCOCCOCCOCCOCCO;[*:5]CC([*:6])C(=O)OCCO;[*:7]CC([*:8])C(=O)OCCS(C)=O;2->1;2->3;2->5;2->7;4->3;4->1;4->5;4->7;6->5;6->1;6->3;6->7;8->7;8->1;8->3;8->5,0.0,0.4,0.0,0.15,0.05,0.4,87.0,0.183,,
102,<polymer_spg>[*:1]CC([*:2])C(=O)OCCOC(C(F)(F)F)C(F)(F)F;[*:3]CC([*:4])C(=O)OCCOCCOCCOCCOCCOCCOCCOCCOCCOCCO;[*:5]CC([*:6])C(=O)OCCO;2->1;2->3;2->5;4->3;4->1;4->5;6->5;6->3;6->1,0.0,0.3,0.0,0.4,0.3,0.0,60.0,0.111,8500.0,1.14
35,<polymer_spg>[*:1]CC([*:2])C(=O)OCCOC(C(F)(F)F)(C(F)(F)F)C(F)(F)F;[*:3]CC([*:4])C(=O)OCCOCCOCCOCCOCCOCCOCCOCCOCCOCCO;[*:5]CC([*:6])C(=O)OCCS(C)=O;2->1;2->3;2->5;4->3;4->1;4->5;6->5;6->3;6->1,0.0,0.0,0.4,0.4,0.0,0.2,90.0,0.191,,
57,<polymer_spg>[*:1]CC([*:2])C(=O)OCCOC(C(F)(F)F)(C(F)(F)F)C(F)(F)F;[*:3]CC([*:4])C(=O)OCCOCCOCCOCCOCCOCCOCCOCCOCCOCCO;[*:5]CC([*:6])C(=O)OCCO;[*:7]CC([*:8])C(=O)OCCS(C)=O;2->1;2->3;2->5;2->7;4->3;4->1;4->5;4->7;6->5;6->1;6->3;6->7;8->7;8->1;8->3;8->5,0.0,0.0,0.55,0.2,0.2,0.05,49.0,0.302,,
169,<polymer_spg>[*:1]CC([*:2])C(=O)OCCOC(C(F)(F)F)C(F)(F)F;[*:3]CC([*:4])C(=O)OCCOCCOCCOCCOCCOCCOCCOCCOCCOCCO;[*:5]CC([*:6])C(=O)OCCO;2->1;2->3;2->5;4->3;4->1;4->5;6->5;6->3;6->1,0.0,0.65,0.0,0.25,0.1,0.0,101.0,0.243,,
65,<polymer_spg>[*:1]CC([*:2])C(=O)OCCOC(C(F)(F)F)C(F)(F)F;[*:3]CC([*:4])C(=O)OCCOC(C(F)(F)F)(C(F)(F)F)C(F)(F)F;[*:5]CC([*:6])C(=O)OCCOCCOCCOCCOCCOCCOCCOCCOCCOCCO;[*:7]CC([*:8])C(=O)OCCO;[*:9]CC([*:10])C(=O)OCCS(C)=O;2->1;2->3;2->5;2->7;2->9;4->3;4->1;4->5;4->7;4->9;6->5;6->1;6->3;6->7;6->9;8->7;8->1;8->3;8->5;8->9;10->9;10->1;10->3;10->5;10->7,0.0,0.05,0.35,0.4,0.15,0.05,71.0,0.188,8200.0,1.14
1,<polymer_spg>[*:1]CC([*:2])C(=O)OCCOC(C(F)(F)F)(C(F)(F)F)C(F)(F)F;[*:3]CC([*:4])C(=O)OCCOCCOCCOCCOCCOCCOCCOCCOCCOCCO;[*:5]CC([*:6])C(=O)OCCS(C)=O;2->1;2->3;2->5;4->3;4->1;4->5;6->5;6->3;6->1,0.0,0.0,0.2,0.3,0.0,0.5,47.0,0.1169999999999999,7100.0,1.25
120,<polymer_spg>[*:1]CC([*:2])C(=O)OCCOC(C(F)(F)F)C(F)(F)F;[*:3]CC([*:4])C(=O)OCCOCCOCCOCCOCCOCCOCCOCCOCCOCCO;[*:5]CC([*:6])C(=O)OCCO;[*:7]CC([*:8])C(=O)OCCS(C)=O;2->1;2->3;2->5;2->7;4->3;4->1;4->5;4->7;6->5;6->1;6->3;6->7;8->7;8->1;8->3;8->5,0.0,0.4,0.0,0.15,0.1,0.35,95.0,0.185,7700.0,1.21
224,<polymer_spg>[*:1]CC([*:2])C(=O)OCC(F)(F)F;[*:3]CC([*:4])C(=O)OCCOC(C(F)(F)F)C(F)(F)F;[*:5]CC([*:6])C(=O)OCCOC(C(F)(F)F)(C(F)(F)F)C(F)(F)F;[*:7]CC([*:8])C(=O)OCCOCCOCCOCCOCCOCCOCCOCCOCCOCCO;[*:9]CC([*:10])C(=O)OCCO;2->1;2->3;2->5;2->7;2->9;4->3;4->1;4->5;4->7;4->9;6->5;6->1;6->3;6->7;6->9;8->7;8->1;8->3;8->5;8->9;10->9;10->1;10->3;10->5;10->7,0.15,0.25,0.05,0.5,0.05,0.0,49.0,0.129,,
186,<polymer_spg>[*:1]CC([*:2])C(=O)OCC(F)(F)F;[*:3]CC([*:4])C(=O)OCCOC(C(F)(F)F)(C(F)(F)F)C(F)(F)F;[*:5]CC([*:6])C(=O)OCCOCCOCCOCCOCCOCCOCCOCCOCCOCCO;[*:7]CC([*:8])C(=O)OCCO;[*:9]CC([*:10])C(=O)OCCS(C)=O;2->1;2->3;2->5;2->7;2->9;4->3;4->1;4->5;4->7;4->9;6->5;6->1;6->3;6->7;6->9;8->7;8->1;8->3;8->5;8->9;10->9;10->1;10->3;10->5;10->7,0.1,0.0,0.35,0.25,0.15,0.15,88.0,0.223,8300.0,1.19
42,<polymer_spg>[*:1]CC([*:2])C(=O)OCCOC(C(F)(F)F)(C(F)(F)F)C(F)(F)F;[*:3]CC([*:4])C(=O)OCCOCCOCCOCCOCCOCCOCCOCCOCCOCCO;[*:5]CC([*:6])C(=O)OCCO;2->1;2->3;2->5;4->3;4->1;4->5;6->5;6->3;6->1,0.0,0.0,0.4,0.4,0.2,0.0,93.0,0.196,8400.0,1.16
105,<polymer_spg>[*:1]CC([*:2])C(=O)OCCOC(C(F)(F)F)C(F)(F)F;[*:3]CC([*:4])C(=O)OCCOC(C(F)(F)F)(C(F)(F)F)C(F)(F)F;[*:5]CC([*:6])C(=O)OCCOCCOCCOCCOCCOCCOCCOCCOCCOCCO;[*:7]CC([*:8])C(=O)OCCO;[*:9]CC([*:10])C(=O)OCCS(C)=O;2->1;2->3;2->5;2->7;2->9;4->3;4->1;4->5;4->7;4->9;6->5;6->1;6->3;6->7;6->9;8->7;8->1;8->3;8->5;8->9;10->9;10->1;10->3;10->5;10->7,0.0,0.3,0.1,0.4,0.1,0.1,53.0,0.154,,
132,<polymer_spg>[*:1]CC([*:2])C(=O)OCCOC(C(F)(F)F)C(F)(F)F;[*:3]CC([*:4])C(=O)OCCOC(C(F)(F)F)(C(F)(F)F)C(F)(F)F;[*:5]CC([*:6])C(=O)OCCOCCOCCOCCOCCOCCOCCOCCOCCOCCO;[*:7]CC([*:8])C(=O)OCCO;[*:9]CC([*:10])C(=O)OCCS(C)=O;2->1;2->3;2->5;2->7;2->9;4->3;4->1;4->5;4->7;4->9;6->5;6->1;6->3;6->7;6->9;8->7;8->1;8->3;8->5;8->9;10->9;10->1;10->3;10->5;10->7,0.0,0.4,0.1,0.3,0.05,0.15,62.0,0.2,7600.0,1.16
262,<polymer_spg>[*:1]CC([*:2])C(=O)OCC(F)(F)F;[*:3]CC([*:4])C(=O)OCCOCCOCCOCCOCCOCCOCCOCCOCCOCCO;2->1;2->3;4->3;4->1,0.5,0.0,0.0,0.5,0.0,0.0,51.0,0.09,,
17,<polymer_spg>[*:1]CC([*:2])C(=O)OCCOC(C(F)(F)F)(C(F)(F)F)C(F)(F)F;[*:3]CC([*:4])C(=O)OCCOCCOCCOCCOCCOCCOCCOCCOCCOCCO;[*:5]CC([*:6])C(=O)OCCS(C)=O;2->1;2->3;2->5;4->3;4->1;4->5;6->5;6->3;6->1,0.0,0.0,0.3,0.1,0.0,0.6,76.0,0.209,6100.0,1.26
38,<polymer_spg>[*:1]CC([*:2])C(=O)OCCOC(C(F)(F)F)(C(F)(F)F)C(F)(F)F;[*:3]CC([*:4])C(=O)OCCOCCOCCOCCOCCOCCOCCOCCOCCOCCO;[*:5]CC([*:6])C(=O)OCCS(C)=O;2->1;2->3;2->5;4->3;4->1;4->5;6->5;6->3;6->1,0.0,0.0,0.4,0.4,0.0,0.2,93.0,0.191,,
133,<polymer_spg>[*:1]CC([*:2])C(=O)OCCOC(C(F)(F)F)C(F)(F)F;[*:3]CC([*:4])C(=O)OCCOC(C(F)(F)F)(C(F)(F)F)C(F)(F)F;[*:5]CC([*:6])C(=O)OCCOCCOCCOCCOCCOCCOCCOCCOCCOCCO;[*:7]CC([*:8])C(=O)OCCO;[*:9]CC([*:10])C(=O)OCCS(C)=O;2->1;2->3;2->5;2->7;2->9;4->3;4->1;4->5;4->7;4->9;6->5;6->1;6->3;6->7;6->9;8->7;8->1;8->3;8->5;8->9;10->9;10->1;10->3;10->5;10->7,0.0,0.4,0.1,0.35,0.05,0.1,72.0,0.19,7600.0,1.26
53,<polymer_spg>[*:1]CC([*:2])C(=O)OCCOC(C(F)(F)F)(C(F)(F)F)C(F)(F)F;[*:3]CC([*:4])C(=O)OCCOCCOCCOCCOCCOCCOCCOCCOCCOCCO;2->1;2->3;4->3;4->1,0.0,0.0,0.5,0.5,0.0,0.0,98.0,0.21,,
164,<polymer_spg>[*:1]CC([*:2])C(=O)OCCOC(C(F)(F)F)C(F)(F)F;[*:3]CC([*:4])C(=O)OCCOCCOCCOCCOCCOCCOCCOCCOCCOCCO;[*:5]CC([*:6])C(=O)OCCS(C)=O;2->1;2->3;2->5;4->3;4->1;4->5;6->5;6->3;6->1,0.0,0.6,0.0,0.2,0.0,0.2,101.0,0.237,7800.0,1.18
215,<polymer_spg>[*:1]CC([*:2])C(=O)OCC(F)(F)F;[*:3]CC([*:4])C(=O)OCCOC(C(F)(F)F)C(F)(F)F;[*:5]CC([*:6])C(=O)OCCOC(C(F)(F)F)(C(F)(F)F)C(F)(F)F;[*:7]CC([*:8])C(=O)OCCOCCOCCOCCOCCOCCOCCOCCOCCOCCO;[*:9]CC([*:10])C(=O)OCCS(C)=O;2->1;2->3;2->5;2->7;2->9;4->3;4->1;4->5;4->7;4->9;6->5;6->1;6->3;6->7;6->9;8->7;8->1;8->3;8->5;8->9;10->9;10->1;10->3;10->5;10->7,0.1,0.4,0.05,0.35,0.0,0.1,62.0,0.185,7200.0,1.24
128,<polymer_spg>[*:1]CC([*:2])C(=O)OCCOC(C(F)(F)F)C(F)(F)F;[*:3]CC([*:4])C(=O)OCCOC(C(F)(F)F)(C(F)(F)F)C(F)(F)F;[*:5]CC([*:6])C(=O)OCCOCCOCCOCCOCCOCCOCCOCCOCCOCCO;[*:7]CC([*:8])C(=O)OCCO;[*:9]CC([*:10])C(=O)OCCS(C)=O;2->1;2->3;2->5;2->7;2->9;4->3;4->1;4->5;4->7;4->9;6->5;6->1;6->3;6->7;6->9;8->7;8->1;8->3;8->5;8->9;10->9;10->1;10->3;10->5;10->7,0.0,0.4,0.05,0.3,0.2,0.05,79.0,0.181,,
34,<polymer_spg>[*:1]CC([*:2])C(=O)OCCOC(C(F)(F)F)(C(F)(F)F)C(F)(F)F;[*:3]CC([*:4])C(=O)OCCOCCOCCOCCOCCOCCOCCOCCOCCOCCO;[*:5]CC([*:6])C(=O)OCCS(C)=O;2->1;2->3;2->5;4->3;4->1;4->5;6->5;6->3;6->1,0.0,0.0,0.4,0.4,0.0,0.2,83.0,0.191,,
28,<polymer_spg>[*:1]CC([*:2])C(=O)OCCOC(C(F)(F)F)(C(F)(F)F)C(F)(F)F;[*:3]CC([*:4])C(=O)OCCOCCOCCOCCOCCOCCOCCOCCOCCOCCO;[*:5]CC([*:6])C(=O)OCCO;[*:7]CC([*:8])C(=O)OCCS(C)=O;2->1;2->3;2->5;2->7;4->3;4->1;4->5;4->7;6->5;6->1;6->3;6->7;8->7;8->1;8->3;8->5,0.0,0.0,0.4,0.3,0.05,0.25,80.0,0.211,7600.0,1.13
183,<polymer_spg>[*:1]CC([*:2])C(=O)OCC(F)(F)F;[*:3]CC([*:4])C(=O)OCCOCCOCCOCCOCCOCCOCCOCCOCCOCCO;2->1;2->3;4->3;4->1,0.1,0.0,0.0,0.9,0.0,0.0,15.0,0.013,,
114,<polymer_spg>[*:1]CC([*:2])C(=O)OCCOC(C(F)(F)F)C(F)(F)F;[*:3]CC([*:4])C(=O)OCCS(C)=O;2->1;2->3;4->3;4->1,0.0,0.4,0.0,0.0,0.0,0.6,93.0,0.2239999999999999,,
203,<polymer_spg>[*:1]CC([*:2])C(=O)OCC(F)(F)F;[*:3]CC([*:4])C(=O)OCCOC(C(F)(F)F)C(F)(F)F;[*:5]CC([*:6])C(=O)OCCOC(C(F)(F)F)(C(F)(F)F)C(F)(F)F;[*:7]CC([*:8])C(=O)OCCOCCOCCOCCOCCOCCOCCOCCOCCOCCO;[*:9]CC([*:10])C(=O)OCCO;2->1;2->3;2->5;2->7;2->9;4->3;4->1;4->5;4->7;4->9;6->5;6->1;6->3;6->7;6->9;8->7;8->1;8->3;8->5;8->9;10->9;10->1;10->3;10->5;10->7,0.1,0.1,0.2,0.2,0.4,0.0,69.0,0.204,,
163,<polymer_spg>[*:1]CC([*:2])C(=O)OCCOC(C(F)(F)F)C(F)(F)F;[*:3]CC([*:4])C(=O)OCCOCCOCCOCCOCCOCCOCCOCCOCCOCCO;[*:5]CC([*:6])C(=O)OCCS(C)=O;2->1;2->3;2->5;4->3;4->1;4->5;6->5;6->3;6->1,0.0,0.6,0.0,0.2,0.0,0.2,82.0,0.237,8000.0,1.17
151,<polymer_spg>[*:1]CC([*:2])C(=O)OCCOC(C(F)(F)F)C(F)(F)F;[*:3]CC([*:4])C(=O)OCCOCCOCCOCCOCCOCCOCCOCCOCCOCCO;2->1;2->3;4->3;4->1,0.0,0.5,0.0,0.5,0.0,0.0,86.0,0.153,,
202,<polymer_spg>[*:1]CC([*:2])C(=O)OCC(F)(F)F;[*:3]CC([*:4])C(=O)OCCOC(C(F)(F)F)C(F)(F)F;[*:5]CC([*:6])C(=O)OCCOC(C(F)(F)F)(C(F)(F)F)C(F)(F)F;[*:7]CC([*:8])C(=O)OCCOCCOCCOCCOCCOCCOCCOCCOCCOCCO;[*:9]CC([*:10])C(=O)OCCO;[*:11]CC([*:12])C(=O)OCCS(C)=O;2->1;2->3;2->5;2->7;2->9;2->11;4->3;4->1;4->5;4->7;4->9;4->11;6->5;6->1;6->3;6->7;6->9;6->11;8->7;8->1;8->3;8->5;8->9;8->11;10->9;10->1;10->3;10->5;10->7;10->11;12->11;12->1;12->3;12->5;12->7;12->9,0.1,0.1,0.2,0.2,0.1,0.3,68.0,0.193,7800.0,1.17
31,<polymer_spg>[*:1]CC([*:2])C(=O)OCCOC(C(F)(F)F)(C(F)(F)F)C(F)(F)F;[*:3]CC([*:4])C(=O)OCCOCCOCCOCCOCCOCCOCCOCCOCCOCCO;[*:5]CC([*:6])C(=O)OCCO;[*:7]CC([*:8])C(=O)OCCS(C)=O;2->1;2->3;2->5;2->7;4->3;4->1;4->5;4->7;6->5;6->1;6->3;6->7;8->7;8->1;8->3;8->5,0.0,0.0,0.4,0.3,0.15,0.15,90.0,0.214,,
230,<polymer_spg>[*:1]CC([*:2])C(=O)OCC(F)(F)F;[*:3]CC([*:4])C(=O)OCCOC(C(F)(F)F)(C(F)(F)F)C(F)(F)F;[*:5]CC([*:6])C(=O)OCCOCCOCCOCCOCCOCCOCCOCCOCCOCCO;2->1;2->3;2->5;4->3;4->1;4->5;6->5;6->3;6->1,0.2,0.0,0.4,0.4,0.0,0.0,85.0,0.2239999999999999,,
127,<polymer_spg>[*:1]CC([*:2])C(=O)OCCOC(C(F)(F)F)C(F)(F)F;[*:3]CC([*:4])C(=O)OCCOC(C(F)(F)F)(C(F)(F)F)C(F)(F)F;[*:5]CC([*:6])C(=O)OCCOCCOCCOCCOCCOCCOCCOCCOCCOCCO;[*:7]CC([*:8])C(=O)OCCO;[*:9]CC([*:10])C(=O)OCCS(C)=O;2->1;2->3;2->5;2->7;2->9;4->3;4->1;4->5;4->7;4->9;6->5;6->1;6->3;6->7;6->9;8->7;8->1;8->3;8->5;8->9;10->9;10->1;10->3;10->5;10->7,0.0,0.4,0.05,0.3,0.15,0.1,57.0,0.18,,
185,<polymer_spg>[*:1]CC([*:2])C(=O)OCC(F)(F)F;[*:3]CC([*:4])C(=O)OCCOC(C(F)(F)F)(C(F)(F)F)C(F)(F)F;[*:5]CC([*:6])C(=O)OCCOCCOCCOCCOCCOCCOCCOCCOCCOCCO;[*:7]CC([*:8])C(=O)OCCO;[*:9]CC([*:10])C(=O)OCCS(C)=O;2->1;2->3;2->5;2->7;2->9;4->3;4->1;4->5;4->7;4->9;6->5;6->1;6->3;6->7;6->9;8->7;8->1;8->3;8->5;8->9;10->9;10->1;10->3;10->5;10->7,0.1,0.0,0.3,0.1,0.1,0.4,81.0,0.237,,
248,<polymer_spg>[*:1]CC([*:2])C(=O)OCC(F)(F)F;[*:3]CC([*:4])C(=O)OCCOCCOCCOCCOCCOCCOCCOCCOCCOCCO;[*:5]CC([*:6])C(=O)OCCO;2->1;2->3;2->5;4->3;4->1;4->5;6->5;6->3;6->1,0.35,0.0,0.0,0.55,0.1,0.0,34.0,0.061,9200.0,1.2
258,<polymer_spg>[*:1]CC([*:2])C(=O)OCC(F)(F)F;[*:3]CC([*:4])C(=O)OCCOCCOCCOCCOCCOCCOCCOCCOCCOCCO;[*:5]CC([*:6])C(=O)OCCO;2->1;2->3;2->5;4->3;4->1;4->5;6->5;6->3;6->1,0.4,0.0,0.0,0.5,0.1,0.0,43.0,0.073,6800.0,1.36
32,<polymer_spg>[*:1]CC([*:2])C(=O)OCCOC(C(F)(F)F)(C(F)(F)F)C(F)(F)F;[*:3]CC([*:4])C(=O)OCCOCCOCCOCCOCCOCCOCCOCCOCCOCCO;[*:5]CC([*:6])C(=O)OCCO;[*:7]CC([*:8])C(=O)OCCS(C)=O;2->1;2->3;2->5;2->7;4->3;4->1;4->5;4->7;6->5;6->1;6->3;6->7;8->7;8->1;8->3;8->5,0.0,0.0,0.4,0.3,0.15,0.15,91.0,0.214,7600.0,1.17
167,<polymer_spg>[*:1]CC([*:2])C(=O)OCCOC(C(F)(F)F)C(F)(F)F;[*:3]CC([*:4])C(=O)OCCOCCOCCOCCOCCOCCOCCOCCOCCOCCO;2->1;2->3;4->3;4->1,0.0,0.6,0.0,0.4,0.0,0.0,109.0,0.1939999999999999,,
142,<polymer_spg>[*:1]CC([*:2])C(=O)OCCOC(C(F)(F)F)C(F)(F)F;[*:3]CC([*:4])C(=O)OCCOC(C(F)(F)F)(C(F)(F)F)C(F)(F)F;[*:5]CC([*:6])C(=O)OCCOCCOCCOCCOCCOCCOCCOCCOCCOCCO;[*:7]CC([*:8])C(=O)OCCS(C)=O;2->1;2->3;2->5;2->7;4->3;4->1;4->5;4->7;6->5;6->1;6->3;6->7;8->7;8->1;8->3;8->5,0.0,0.45,0.15,0.35,0.0,0.05,70.0,0.222,,
234,<polymer_spg>[*:1]CC([*:2])C(=O)OCC(F)(F)F;[*:3]CC([*:4])C(=O)OCCOC(C(F)(F)F)C(F)(F)F;[*:5]CC([*:6])C(=O)OCCOC(C(F)(F)F)(C(F)(F)F)C(F)(F)F;[*:7]CC([*:8])C(=O)OCCOCCOCCOCCOCCOCCOCCOCCOCCOCCO;2->1;2->3;2->5;2->7;4->3;4->1;4->5;4->7;6->5;6->1;6->3;6->7;8->7;8->1;8->3;8->5,0.2,0.4,0.05,0.35,0.0,0.0,73.0,0.204,6400.0,1.17
147,<polymer_spg>[*:1]CC([*:2])C(=O)OCCOC(C(F)(F)F)C(F)(F)F;[*:3]CC([*:4])C(=O)OCCOCCOCCOCCOCCOCCOCCOCCOCCOCCO;[*:5]CC([*:6])C(=O)OCCO;[*:7]CC([*:8])C(=O)OCCS(C)=O;2->1;2->3;2->5;2->7;4->3;4->1;4->5;4->7;6->5;6->1;6->3;6->7;8->7;8->1;8->3;8->5,0.0,0.5,0.0,0.15,0.1,0.25,105.0,0.222,,
29,<polymer_spg>[*:1]CC([*:2])C(=O)OCCOC(C(F)(F)F)(C(F)(F)F)C(F)(F)F;[*:3]CC([*:4])C(=O)OCCOCCOCCOCCOCCOCCOCCOCCOCCOCCO;[*:5]CC([*:6])C(=O)OCCO;[*:7]CC([*:8])C(=O)OCCS(C)=O;2->1;2->3;2->5;2->7;4->3;4->1;4->5;4->7;6->5;6->1;6->3;6->7;8->7;8->1;8->3;8->5,0.0,0.0,0.4,0.3,0.1,0.2,86.0,0.213,,
177,<polymer_spg>[*:1]CC([*:2])C(=O)OCC(F)(F)F;[*:3]CC([*:4])C(=O)OCCOC(C(F)(F)F)C(F)(F)F;[*:5]CC([*:6])C(=O)OCCOC(C(F)(F)F)(C(F)(F)F)C(F)(F)F;[*:7]CC([*:8])C(=O)OCCOCCOCCOCCOCCOCCOCCOCCOCCOCCO;[*:9]CC([*:10])C(=O)OCCS(C)=O;2->1;2->3;2->5;2->7;2->9;4->3;4->1;4->5;4->7;4->9;6->5;6->1;6->3;6->7;6->9;8->7;8->1;8->3;8->5;8->9;10->9;10->1;10->3;10->5;10->7,0.05,0.5,0.05,0.35,0.0,0.05,81.0,0.205,6900.0,1.3
216,<polymer_spg>[*:1]CC([*:2])C(=O)OCC(F)(F)F;[*:3]CC([*:4])C(=O)OCCOC(C(F)(F)F)C(F)(F)F;[*:5]CC([*:6])C(=O)OCCOCCOCCOCCOCCOCCOCCOCCOCCOCCO;[*:7]CC([*:8])C(=O)OCCS(C)=O;2->1;2->3;2->5;2->7;4->3;4->1;4->5;4->7;6->5;6->1;6->3;6->7;8->7;8->1;8->3;8->5,0.1,0.5,0.0,0.2,0.0,0.2,63.0,0.226,,
99,<polymer_spg>[*:1]CC([*:2])C(=O)OCCOC(C(F)(F)F)C(F)(F)F;[*:3]CC([*:4])C(=O)OCCOCCOCCOCCOCCOCCOCCOCCOCCOCCO;[*:5]CC([*:6])C(=O)OCCO;2->1;2->3;2->5;4->3;4->1;4->5;6->5;6->3;6->1,0.0,0.3,0.0,0.2,0.5,0.0,65.0,0.146,8600.0,1.27
82,<polymer_spg>[*:1]CC([*:2])C(=O)OCCOC(C(F)(F)F)C(F)(F)F;[*:3]CC([*:4])C(=O)OCCOC(C(F)(F)F)(C(F)(F)F)C(F)(F)F;[*:5]CC([*:6])C(=O)OCCOCCOCCOCCOCCOCCOCCOCCOCCOCCO;[*:7]CC([*:8])C(=O)OCCS(C)=O;2->1;2->3;2->5;2->7;4->3;4->1;4->5;4->7;6->5;6->1;6->3;6->7;8->7;8->1;8->3;8->5,0.0,0.1,0.4,0.25,0.0,0.25,91.0,0.249,7500.0,1.17
267,<polymer_spg>[*:1]CC([*:2])C(=O)OCC(F)(F)F;[*:3]CC([*:4])C(=O)OCCOCCOCCOCCOCCOCCOCCOCCOCCOCCO;2->1;2->3;4->3;4->1,0.6,0.0,0.0,0.4,0.0,0.0,31.0,0.12,,
175,<polymer_spg>[*:1]CC([*:2])C(=O)OCC(F)(F)F;[*:3]CC([*:4])C(=O)OCCOC(C(F)(F)F)C(F)(F)F;[*:5]CC([*:6])C(=O)OCCOC(C(F)(F)F)(C(F)(F)F)C(F)(F)F;[*:7]CC([*:8])C(=O)OCCOCCOCCOCCOCCOCCOCCOCCOCCOCCO;[*:9]CC([*:10])C(=O)OCCO;2->1;2->3;2->5;2->7;2->9;4->3;4->1;4->5;4->7;4->9;6->5;6->1;6->3;6->7;6->9;8->7;8->1;8->3;8->5;8->9;10->9;10->1;10->3;10->5;10->7,0.05,0.1,0.35,0.3,0.2,0.0,90.0,0.233,7600.0,1.18
79,<polymer_spg>[*:1]CC([*:2])C(=O)OCCOC(C(F)(F)F)C(F)(F)F;[*:3]CC([*:4])C(=O)OCCOC(C(F)(F)F)(C(F)(F)F)C(F)(F)F;[*:5]CC([*:6])C(=O)OCCOCCOCCOCCOCCOCCOCCOCCOCCOCCO;[*:7]CC([*:8])C(=O)OCCO;2->1;2->3;2->5;2->7;4->3;4->1;4->5;4->7;6->5;6->1;6->3;6->7;8->7;8->1;8->3;8->5,0.0,0.1,0.35,0.25,0.3,0.0,88.0,0.239,8500.0,1.11
197,<polymer_spg>[*:1]CC([*:2])C(=O)OCC(F)(F)F;[*:3]CC([*:4])C(=O)OCCOC(C(F)(F)F)C(F)(F)F;[*:5]CC([*:6])C(=O)OCCOC(C(F)(F)F)(C(F)(F)F)C(F)(F)F;[*:7]CC([*:8])C(=O)OCCOCCOCCOCCOCCOCCOCCOCCOCCOCCO;[*:9]CC([*:10])C(=O)OCCO;[*:11]CC([*:12])C(=O)OCCS(C)=O;2->1;2->3;2->5;2->7;2->9;2->11;4->3;4->1;4->5;4->7;4->9;4->11;6->5;6->1;6->3;6->7;6->9;6->11;8->7;8->1;8->3;8->5;8->9;8->11;10->9;10->1;10->3;10->5;10->7;10->11;12->11;12->1;12->3;12->5;12->7;12->9,0.1,0.1,0.1,0.5,0.1,0.1,27.0,0.1,13000.0,1.35
243,<polymer_spg>[*:1]CC([*:2])C(=O)OCC(F)(F)F;[*:3]CC([*:4])C(=O)OCCOCCOCCOCCOCCOCCOCCOCCOCCOCCO;[*:5]CC([*:6])C(=O)OCCO;[*:7]CC([*:8])C(=O)OCCS(C)=O;2->1;2->3;2->5;2->7;4->3;4->1;4->5;4->7;6->5;6->1;6->3;6->7;8->7;8->1;8->3;8->5,0.35,0.0,0.0,0.1,0.3,0.25,39.0,0.113,7400.0,1.2
208,<polymer_spg>[*:1]CC([*:2])C(=O)OCC(F)(F)F;[*:3]CC([*:4])C(=O)OCCOC(C(F)(F)F)C(F)(F)F;[*:5]CC([*:6])C(=O)OCCOC(C(F)(F)F)(C(F)(F)F)C(F)(F)F;[*:7]CC([*:8])C(=O)OCCOCCOCCOCCOCCOCCOCCOCCOCCOCCO;[*:9]CC([*:10])C(=O)OCCS(C)=O;2->1;2->3;2->5;2->7;2->9;4->3;4->1;4->5;4->7;4->9;6->5;6->1;6->3;6->7;6->9;8->7;8->1;8->3;8->5;8->9;10->9;10->1;10->3;10->5;10->7,0.1,0.2,0.1,0.3,0.0,0.3,44.0,0.155,7500.0,1.21
115,<polymer_spg>[*:1]CC([*:2])C(=O)OCCOC(C(F)(F)F)C(F)(F)F;[*:3]CC([*:4])C(=O)OCCS(C)=O;2->1;2->3;4->3;4->1,0.0,0.4,0.0,0.0,0.0,0.6,99.0,0.2239999999999999,8200.0,1.17
148,<polymer_spg>[*:1]CC([*:2])C(=O)OCCOC(C(F)(F)F)C(F)(F)F;[*:3]CC([*:4])C(=O)OCCOCCOCCOCCOCCOCCOCCOCCOCCOCCO;[*:5]CC([*:6])C(=O)OCCO;2->1;2->3;2->5;4->3;4->1;4->5;6->5;6->3;6->1,0.0,0.5,0.0,0.2,0.3,0.0,103.0,0.216,7200.0,1.26
264,<polymer_spg>[*:1]CC([*:2])C(=O)OCC(F)(F)F;[*:3]CC([*:4])C(=O)OCCOCCOCCOCCOCCOCCOCCOCCOCCOCCO;[*:5]CC([*:6])C(=O)OCCO;2->1;2->3;2->5;4->3;4->1;4->5;6->5;6->3;6->1,0.6,0.0,0.0,0.3,0.1,0.0,48.0,0.138,6900.0,1.23
72,<polymer_spg>[*:1]CC([*:2])C(=O)OCCOC(C(F)(F)F)C(F)(F)F;[*:3]CC([*:4])C(=O)OCCOC(C(F)(F)F)(C(F)(F)F)C(F)(F)F;[*:5]CC([*:6])C(=O)OCCOCCOCCOCCOCCOCCOCCOCCOCCOCCO;[*:7]CC([*:8])C(=O)OCCS(C)=O;2->1;2->3;2->5;2->7;4->3;4->1;4->5;4->7;6->5;6->1;6->3;6->7;8->7;8->1;8->3;8->5,0.0,0.1,0.2,0.1,0.0,0.6,57.0,0.191,7000.0,1.21
77,<polymer_spg>[*:1]CC([*:2])C(=O)OCCOC(C(F)(F)F)C(F)(F)F;[*:3]CC([*:4])C(=O)OCCOC(C(F)(F)F)(C(F)(F)F)C(F)(F)F;[*:5]CC([*:6])C(=O)OCCOCCOCCOCCOCCOCCOCCOCCOCCOCCO;[*:7]CC([*:8])C(=O)OCCO;[*:9]CC([*:10])C(=O)OCCS(C)=O;2->1;2->3;2->5;2->7;2->9;4->3;4->1;4->5;4->7;4->9;6->5;6->1;6->3;6->7;6->9;8->7;8->1;8->3;8->5;8->9;10->9;10->1;10->3;10->5;10->7,0.0,0.1,0.35,0.15,0.2,0.2,89.0,0.263,7600.0,1.1
25,<polymer_spg>[*:1]CC([*:2])C(=O)OCCOC(C(F)(F)F)(C(F)(F)F)C(F)(F)F;[*:3]CC([*:4])C(=O)OCCOCCOCCOCCOCCOCCOCCOCCOCCOCCO;[*:5]CC([*:6])C(=O)OCCO;[*:7]CC([*:8])C(=O)OCCS(C)=O;2->1;2->3;2->5;2->7;4->3;4->1;4->5;4->7;6->5;6->1;6->3;6->7;8->7;8->1;8->3;8->5,0.0,0.0,0.35,0.2,0.1,0.35,87.0,0.213,7500.0,1.16
165,<polymer_spg>[*:1]CC([*:2])C(=O)OCCOC(C(F)(F)F)C(F)(F)F;[*:3]CC([*:4])C(=O)OCCOCCOCCOCCOCCOCCOCCOCCOCCOCCO;[*:5]CC([*:6])C(=O)OCCS(C)=O;2->1;2->3;2->5;4->3;4->1;4->5;6->5;6->3;6->1,0.0,0.6,0.0,0.25,0.0,0.15,91.0,0.225,6900.0,1.27
81,<polymer_spg>[*:1]CC([*:2])C(=O)OCCOC(C(F)(F)F)C(F)(F)F;[*:3]CC([*:4])C(=O)OCCOC(C(F)(F)F)(C(F)(F)F)C(F)(F)F;[*:5]CC([*:6])C(=O)OCCOCCOCCOCCOCCOCCOCCOCCOCCOCCO;[*:7]CC([*:8])C(=O)OCCO;[*:9]CC([*:10])C(=O)OCCS(C)=O;2->1;2->3;2->5;2->7;2->9;4->3;4->1;4->5;4->7;4->9;6->5;6->1;6->3;6->7;6->9;8->7;8->1;8->3;8->5;8->9;10->9;10->1;10->3;10->5;10->7,0.0,0.1,0.35,0.4,0.05,0.1,82.0,0.1989999999999999,8600.0,1.16
259,<polymer_spg>[*:1]CC([*:2])C(=O)OCC(F)(F)F;[*:3]CC([*:4])C(=O)OCCOCCOCCOCCOCCOCCOCCOCCOCCOCCO;2->1;2->3;4->3;4->1,0.4,0.0,0.0,0.6,0.0,0.0,33.0,0.065,,
174,<polymer_spg>[*:1]CC([*:2])C(=O)OCC(F)(F)F;[*:3]CC([*:4])C(=O)OCCOC(C(F)(F)F)C(F)(F)F;[*:5]CC([*:6])C(=O)OCCOC(C(F)(F)F)(C(F)(F)F)C(F)(F)F;[*:7]CC([*:8])C(=O)OCCOCCOCCOCCOCCOCCOCCOCCOCCOCCO;[*:9]CC([*:10])C(=O)OCCO;2->1;2->3;2->5;2->7;2->9;4->3;4->1;4->5;4->7;4->9;6->5;6->1;6->3;6->7;6->9;8->7;8->1;8->3;8->5;8->9;10->9;10->1;10->3;10->5;10->7,0.05,0.1,0.2,0.25,0.4,0.0,45.0,0.181,6900.0,1.17
261,<polymer_spg>[*:1]CC([*:2])C(=O)OCC(F)(F)F;[*:3]CC([*:4])C(=O)OCCOC(C(F)(F)F)C(F)(F)F;[*:5]CC([*:6])C(=O)OCCOCCOCCOCCOCCOCCOCCOCCOCCOCCO;[*:7]CC([*:8])C(=O)OCCO;[*:9]CC([*:10])C(=O)OCCS(C)=O;2->1;2->3;2->5;2->7;2->9;4->3;4->1;4->5;4->7;4->9;6->5;6->1;6->3;6->7;6->9;8->7;8->1;8->3;8->5;8->9;10->9;10->1;10->3;10->5;10->7,0.4,0.1,0.0,0.15,0.15,0.2,41.0,0.163,6800.0,1.3
39,<polymer_spg>[*:1]CC([*:2])C(=O)OCCOC(C(F)(F)F)(C(F)(F)F)C(F)(F)F;[*:3]CC([*:4])C(=O)OCCOCCOCCOCCOCCOCCOCCOCCOCCOCCO;[*:5]CC([*:6])C(=O)OCCO;[*:7]CC([*:8])C(=O)OCCS(C)=O;2->1;2->3;2->5;2->7;4->3;4->1;4->5;4->7;6->5;6->1;6->3;6->7;8->7;8->1;8->3;8->5,0.0,0.0,0.4,0.4,0.05,0.15,83.0,0.192,8000.0,1.19
193,<polymer_spg>[*:1]CC([*:2])C(=O)OCC(F)(F)F;[*:3]CC([*:4])C(=O)OCCOC(C(F)(F)F)C(F)(F)F;[*:5]CC([*:6])C(=O)OCCOC(C(F)(F)F)(C(F)(F)F)C(F)(F)F;[*:7]CC([*:8])C(=O)OCCOCCOCCOCCOCCOCCOCCOCCOCCOCCO;[*:9]CC([*:10])C(=O)OCCO;2->1;2->3;2->5;2->7;2->9;4->3;4->1;4->5;4->7;4->9;6->5;6->1;6->3;6->7;6->9;8->7;8->1;8->3;8->5;8->9;10->9;10->1;10->3;10->5;10->7,0.1,0.05,0.35,0.4,0.1,0.0,77.0,0.204,7700.0,1.2
88,<polymer_spg>[*:1]CC([*:2])C(=O)OCCOC(C(F)(F)F)C(F)(F)F;[*:3]CC([*:4])C(=O)OCCOCCOCCOCCOCCOCCOCCOCCOCCOCCO;[*:5]CC([*:6])C(=O)OCCO;[*:7]CC([*:8])C(=O)OCCS(C)=O;2->1;2->3;2->5;2->7;4->3;4->1;4->5;4->7;6->5;6->1;6->3;6->7;8->7;8->1;8->3;8->5,0.0,0.2,0.0,0.4,0.1,0.3,33.0,0.075,7600.0,1.25
70,<polymer_spg>[*:1]CC([*:2])C(=O)OCCOC(C(F)(F)F)C(F)(F)F;[*:3]CC([*:4])C(=O)OCCOCCOCCOCCOCCOCCOCCOCCOCCOCCO;2->1;2->3;4->3;4->1,0.0,0.1,0.0,0.9,0.0,0.0,26.0,0.025,,
87,<polymer_spg>[*:1]CC([*:2])C(=O)OCCOC(C(F)(F)F)C(F)(F)F;[*:3]CC([*:4])C(=O)OCCOCCOCCOCCOCCOCCOCCOCCOCCOCCO;[*:5]CC([*:6])C(=O)OCCO;[*:7]CC([*:8])C(=O)OCCS(C)=O;2->1;2->3;2->5;2->7;4->3;4->1;4->5;4->7;6->5;6->1;6->3;6->7;8->7;8->1;8->3;8->5,0.0,0.2,0.0,0.1,0.4,0.3,41.0,0.1159999999999999,7600.0,1.2
242,<polymer_spg>[*:1]CC([*:2])C(=O)OCC(F)(F)F;[*:3]CC([*:4])C(=O)OCCOC(C(F)(F)F)(C(F)(F)F)C(F)(F)F;[*:5]CC([*:6])C(=O)OCCOCCOCCOCCOCCOCCOCCOCCOCCOCCO;[*:7]CC([*:8])C(=O)OCCO;2->1;2->3;2->5;2->7;4->3;4->1;4->5;4->7;6->5;6->1;6->3;6->7;8->7;8->1;8->3;8->5,0.3,0.0,0.2,0.4,0.1,0.0,55.0,0.162,7700.0,1.2
211,<polymer_spg>[*:1]CC([*:2])C(=O)OCC(F)(F)F;[*:3]CC([*:4])C(=O)OCCOC(C(F)(F)F)C(F)(F)F;[*:5]CC([*:6])C(=O)OCCOCCOCCOCCOCCOCCOCCOCCOCCOCCO;[*:7]CC([*:8])C(=O)OCCS(C)=O;2->1;2->3;2->5;2->7;4->3;4->1;4->5;4->7;6->5;6->1;6->3;6->7;8->7;8->1;8->3;8->5,0.1,0.3,0.0,0.4,0.0,0.2,64.0,0.125,7800.0,1.26
9,<polymer_spg>[*:1]CC([*:2])C(=O)OCCOC(C(F)(F)F)(C(F)(F)F)C(F)(F)F;[*:3]CC([*:4])C(=O)OCCS(C)=O;2->1;2->3;4->3;4->1,0.0,0.0,0.3,0.0,0.0,0.7,77.0,0.24,,
195,<polymer_spg>[*:1]CC([*:2])C(=O)OCC(F)(F)F;[*:3]CC([*:4])C(=O)OCCOC(C(F)(F)F)C(F)(F)F;[*:5]CC([*:6])C(=O)OCCOC(C(F)(F)F)(C(F)(F)F)C(F)(F)F;[*:7]CC([*:8])C(=O)OCCOCCOCCOCCOCCOCCOCCOCCOCCOCCO;[*:9]CC([*:10])C(=O)OCCO;[*:11]CC([*:12])C(=O)OCCS(C)=O;2->1;2->3;2->5;2->7;2->9;2->11;4->3;4->1;4->5;4->7;4->9;4->11;6->5;6->1;6->3;6->7;6->9;6->11;8->7;8->1;8->3;8->5;8->9;8->11;10->9;10->1;10->3;10->5;10->7;10->11;12->11;12->1;12->3;12->5;12->7;12->9,0.1,0.05,0.4,0.25,0.05,0.15,80.0,0.255,,
251,<polymer_spg>[*:1]CC([*:2])C(=O)OCC(F)(F)F;[*:3]CC([*:4])C(=O)OCCOCCOCCOCCOCCOCCOCCOCCOCCOCCO;[*:5]CC([*:6])C(=O)OCCS(C)=O;2->1;2->3;2->5;4->3;4->1;4->5;6->5;6->3;6->1,0.4,0.0,0.0,0.35,0.0,0.25,34.0,0.084,,
192,<polymer_spg>[*:1]CC([*:2])C(=O)OCC(F)(F)F;[*:3]CC([*:4])C(=O)OCCOC(C(F)(F)F)C(F)(F)F;[*:5]CC([*:6])C(=O)OCCOC(C(F)(F)F)(C(F)(F)F)C(F)(F)F;[*:7]CC([*:8])C(=O)OCCOCCOCCOCCOCCOCCOCCOCCOCCOCCO;[*:9]CC([*:10])C(=O)OCCO;[*:11]CC([*:12])C(=O)OCCS(C)=O;2->1;2->3;2->5;2->7;2->9;2->11;4->3;4->1;4->5;4->7;4->9;4->11;6->5;6->1;6->3;6->7;6->9;6->11;8->7;8->1;8->3;8->5;8->9;8->11;10->9;10->1;10->3;10->5;10->7;10->11;12->11;12->1;12->3;12->5;12->7;12->9,0.1,0.05,0.35,0.4,0.05,0.05,77.0,0.203,,
117,<polymer_spg>[*:1]CC([*:2])C(=O)OCCOC(C(F)(F)F)C(F)(F)F;[*:3]CC([*:4])C(=O)OCCOCCOCCOCCOCCOCCOCCOCCOCCOCCO;[*:5]CC([*:6])C(=O)OCCO;[*:7]CC([*:8])C(=O)OCCS(C)=O;2->1;2->3;2->5;2->7;4->3;4->1;4->5;4->7;6->5;6->1;6->3;6->7;8->7;8->1;8->3;8->5,0.0,0.4,0.0,0.1,0.15,0.35,84.0,0.1989999999999999,6500.0,1.19
47,<polymer_spg>[*:1]CC([*:2])C(=O)OCCOC(C(F)(F)F)(C(F)(F)F)C(F)(F)F;[*:3]CC([*:4])C(=O)OCCOCCOCCOCCOCCOCCOCCOCCOCCOCCO;[*:5]CC([*:6])C(=O)OCCO;[*:7]CC([*:8])C(=O)OCCS(C)=O;2->1;2->3;2->5;2->7;4->3;4->1;4->5;4->7;6->5;6->1;6->3;6->7;8->7;8->1;8->3;8->5,0.0,0.0,0.45,0.3,0.15,0.1,84.0,0.235,6800.0,1.26
172,<polymer_spg>[*:1]CC([*:2])C(=O)OCC(F)(F)F;[*:3]CC([*:4])C(=O)OCCOC(C(F)(F)F)C(F)(F)F;[*:5]CC([*:6])C(=O)OCCOC(C(F)(F)F)(C(F)(F)F)C(F)(F)F;[*:7]CC([*:8])C(=O)OCCOCCOCCOCCOCCOCCOCCOCCOCCOCCO;[*:9]CC([*:10])C(=O)OCCO;2->1;2->3;2->5;2->7;2->9;4->3;4->1;4->5;4->7;4->9;6->5;6->1;6->3;6->7;6->9;8->7;8->1;8->3;8->5;8->9;10->9;10->1;10->3;10->5;10->7,0.05,0.05,0.05,0.8,0.05,0.0,17.0,0.04,8520.0,1.25
