Unnamed: 0,POLYMER SMILES,MW (kDa),Tg,Percent Comonomer,log Li:functional group,log_conductivity
0,<polymer_spg>[*:1]COC(=O)OC[*:2];[*:3]CCO[*:4];2->1;2->3;4->3;O=S(=O)([N-]S(=O)(=O)C(F)(F)F)C(F)(F)F,37.0,-3,95.2,0.07,-5.72
1,<polymer_spg>[*:1]COC(=O)OC[*:2];[*:3]CCO[*:4];2->1;2->3;4->3;O=S(=O)([N-]S(=O)(=O)C(F)(F)F)C(F)(F)F,37.0,-20,95.2,0.2,-5.19
2,<polymer_spg>[*:1]COC(=O)OC[*:2];[*:3]CCO[*:4];2->1;2->3;4->3;O=S(=O)([N-]S(=O)(=O)C(F)(F)F)C(F)(F)F,37.0,-33,95.2,0.45,-4.81
3,<polymer_spg>[*:1]COC(=O)OC[*:2];[*:3]CCO[*:4];2->1;2->3;4->3;O=S(=O)([N-]S(=O)(=O)C(F)(F)F)C(F)(F)F,37.0,-62,95.2,1.2,-4.25
4,<polymer_spg>[*:1]COC(=O)OC[*:2];[*:3]CCO[*:4];2->1;2->3;4->3;O=S(=O)([N-]S(=O)(=O)C(F)(F)C(F)(F)F)C(F)(F)C(F)(F)F,37.0,-14,95.2,0.06,-5.56
5,<polymer_spg>[*:1]COC(=O)OC[*:2];[*:3]CCO[*:4];2->1;2->3;4->3;O=S(=O)([N-]S(=O)(=O)C(F)(F)C(F)(F)F)C(F)(F)C(F)(F)F,37.0,-20,95.2,0.15,-5.33
6,<polymer_spg>[*:1]COC(=O)OC[*:2];[*:3]CCO[*:4];2->1;2->3;4->3;O=S(=O)([N-]S(=O)(=O)C(F)(F)C(F)(F)F)C(F)(F)C(F)(F)F,37.0,-33,95.2,0.33,-5.23
7,<polymer_spg>[*:1]COC(=O)OC[*:2];[*:3]CCO[*:4];2->1;2->3;4->3;O=S(=O)([N-]S(=O)(=O)C(F)(F)C(F)(F)F)C(F)(F)C(F)(F)F,37.0,-39,95.2,0.89,-4.88
8,<polymer_spg>[*:1]COC(=O)OC[*:2];[*:3]CCO[*:4];2->1;2->3;4->3;F[B-](F)(F)F,37.0,-23,95.2,0.17,-6.51
9,<polymer_spg>[*:1]COC(=O)OC[*:2];[*:3]CCO[*:4];2->1;2->3;4->3;F[B-](F)(F)F,37.0,-29,95.2,0.36,-5.24
10,<polymer_spg>[*:1]COC(=O)OC[*:2];[*:3]CCO[*:4];2->1;2->3;4->3;F[B-](F)(F)F,37.0,-47,95.2,0.54,-5.08
11,<polymer_spg>[*:1]COC(=O)OC[*:2];[*:3]CCO[*:4];2->1;2->3;4->3;F[B-](F)(F)F,37.0,-69,95.2,0.73,-4.34
12,<polymer_spg>[*:1]COC(=O)OC[*:2];[*:3]CCO[*:4];2->1;2->3;4->3;[O-][Cl+3]([O-])([O-])[O-],37.0,-8,95.2,0.2,-5.3
13,<polymer_spg>[*:1]COC(=O)OC[*:2];[*:3]CCO[*:4];2->1;2->3;4->3;[O-][Cl+3]([O-])([O-])[O-],37.0,-28,95.2,0.54,-5.1
14,<polymer_spg>[*:1]COC(=O)OC[*:2];[*:3]CCO[*:4];2->1;2->3;4->3;[O-][Cl+3]([O-])([O-])[O-],37.0,-1,95.2,1.21,-5.64
15,<polymer_spg>[*:1]COC(=O)OC[*:2];[*:3]CCO[*:4];2->1;2->3;4->3;[O-][Cl+3]([O-])([O-])[O-],37.0,2,95.2,3.23,-6.57
16,<polymer_spg>[*:1]COC(=O)OC[*:2];[*:3]CCO[*:4];2->1;2->3;4->3;O=S(=O)([O-])C(F)(F)F,37.0,-7,95.2,0.14,-5.8
17,<polymer_spg>[*:1]COC(=O)OC[*:2];[*:3]CCO[*:4];2->1;2->3;4->3;O=S(=O)([O-])C(F)(F)F,37.0,-16,95.2,0.37,-5.2
18,<polymer_spg>[*:1]COC(=O)OC[*:2];[*:3]CCO[*:4];2->1;2->3;4->3;O=S(=O)([O-])C(F)(F)F,37.0,-7,95.2,0.83,-6.7
19,<polymer_spg>[*:1]COC(=O)OC([*:2])COCCCC;[*:3]COC(=O)OC([*:4])COCCCC;2->1;2->3;4->3;O=S(=O)([N-]S(=O)(=O)C(F)(F)F)C(F)(F)F,20.9,-24,100.0,0.1,-4.038483989
20,<polymer_spg>[*:1]COC(=O)OC[*:2];[*:3]COC(=O)OC[*:4];2->1;2->3;4->3;O=S(=O)([N-]S(=O)(=O)C(F)(F)F)C(F)(F)F,50.0,34,100.0,0.2,-3.73196055
21,<polymer_spg>[*:1]COC(=O)OC[*:2];[*:3]COC(=O)OC[*:4];2->1;2->3;4->3;O=S(=O)([N-]S(=O)(=O)C(F)(F)F)C(F)(F)F,50.0,31,100.0,0.4,-3.73196055
22,<polymer_spg>[*:1]COC(=O)OC[*:2];[*:3]COC(=O)OC[*:4];2->1;2->3;4->3;O=S(=O)([N-]S(=O)(=O)C(F)(F)F)C(F)(F)F,50.0,29,100.0,0.6,-3.115244274
23,<polymer_spg>[*:1]COC(=O)OC[*:2];[*:3]COC(=O)OC[*:4];2->1;2->3;4->3;O=S(=O)([N-]S(=O)(=O)C(F)(F)F)C(F)(F)F,50.0,25,100.0,0.8,-2.757906016
24,<polymer_spg>[*:1]CC([*:2])C#N;[*:3]CC([*:4])C(=O)OCCCC;2->1;2->3;4->3;O=S(=O)([N-]S(=O)(=O)C(F)(F)F)C(F)(F)F,65.0,-22,67.0,1.2,-4.6409
25,<polymer_spg>[*:1]CC[Si](C)(C[*:2])CCC1COC(=O)O1;[*:3]CC[Si](C)(C[*:4])CCC1COC(=O)O1;2->1;2->3;4->3;O=S(=O)([N-]S(=O)(=O)C(F)(F)F)C(F)(F)F,17.3,-20,100.0,0.1,-5.946921557
26,<polymer_spg>[*:1]CC[Si](C)(C[*:2])CCC1COC(=O)O1;[*:3]CC[Si](C)(C[*:4])CCC1COC(=O)O1;2->1;2->3;4->3;O=S(=O)([N-]S(=O)(=O)C(F)(F)F)C(F)(F)F,17.3,-20,100.0,0.25,-5.37675071
27,<polymer_spg>[*:1]CC[Si](C)(C[*:2])CCC1COC(=O)O1;[*:3]CC[Si](C)(C[*:4])CCC1COC(=O)O1;2->1;2->3;4->3;O=S(=O)([N-]S(=O)(=O)C(F)(F)F)C(F)(F)F,17.3,-20,100.0,0.5,-4.246416941
28,<polymer_spg>[*:1]CC[Si](C)(C[*:2])CCC1COC(=O)O1;[*:3]CC[Si](C)(C[*:4])CCC1COC(=O)O1;2->1;2->3;4->3;O=S(=O)([N-]S(=O)(=O)C(F)(F)F)C(F)(F)F,17.3,-20,100.0,1.0,-4.033389013
29,<polymer_spg>[*:1]CC[Si](C)(C[*:2])CCC1COC(=O)O1;[*:3]CC[Si](C)(C[*:4])CCC1COC(=O)O1;2->1;2->3;4->3;O=S(=O)([N-]S(=O)(=O)C(F)(F)F)C(F)(F)F,17.3,-20,100.0,2.0,-3.675717545
30,<polymer_spg>[*:1]CC[Si](C)(C[*:2])CCC1COC(=O)O1;[*:3]CC[Si](C)(C[*:4])CCC1COC(=O)O1;2->1;2->3;4->3;O=S(=O)([N-]S(=O)(=O)C(F)(F)F)C(F)(F)F,17.3,-15,100.0,4.0,-3.68613278
31,<polymer_spg>[*:1]CC[Si](C)(C[*:2])CCC1COC(=O)O1;[*:3]CC[Si](C)(C[*:4])CCC1COC(=O)O1;2->1;2->3;4->3;O=S(=O)([O-])C(F)(F)F,17.3,-15,100.0,0.1,-6.136082623
32,<polymer_spg>[*:1]CC[Si](C)(C[*:2])CCC1COC(=O)O1;[*:3]CC[Si](C)(C[*:4])CCC1COC(=O)O1;2->1;2->3;4->3;O=S(=O)([O-])C(F)(F)F,17.3,-15,100.0,0.3,-6.136082623
33,<polymer_spg>[*:1]CC[Si](C)(C[*:2])CCC1COC(=O)O1;[*:3]CC[Si](C)(C[*:4])CCC1COC(=O)O1;2->1;2->3;4->3;O=S(=O)([O-])C(F)(F)F,17.3,-20,100.0,0.5,-6.449771647
34,<polymer_spg>[*:1]CC[Si](C)(C[*:2])CCC1COC(=O)O1;[*:3]CC[Si](C)(C[*:4])CCC1COC(=O)O1;2->1;2->3;4->3;O=S(=O)([O-])C(F)(F)F,17.3,-15,100.0,0.7,-6.504455662
35,<polymer_spg>[*:1]CC[Si](C)(C[*:2])CCC1COC(=O)O1;[*:3]CC[Si](C)(C[*:4])CCC1COC(=O)O1;2->1;2->3;4->3;O=S(=O)([O-])C(F)(F)F,17.3,-25,100.0,1.0,-6.982966661
36,<polymer_spg>[*:1]CC[Si](C)(C[*:2])CCC1COC(=O)O1;[*:3]CC[Si](C)(C[*:4])CCC1COC(=O)O1;2->1;2->3;4->3;O=S(=O)([O-])C(F)(F)F,17.3,-15,100.0,2.0,-7.159266765
37,<polymer_spg>[*:1]CC[Si](C[*:2])(CCC1COC(=O)O1)CCC1COC(=O)O1;[*:3]CC[Si](C[*:4])(CCC1COC(=O)O1)CCC1COC(=O)O1;2->1;2->3;4->3;O=S(=O)([N-]S(=O)(=O)C(F)(F)F)C(F)(F)F,90.6,-10,100.0,0.25,-6.54668166
38,<polymer_spg>[*:1]CC[Si](C[*:2])(CCC1COC(=O)O1)CCC1COC(=O)O1;[*:3]CC[Si](C[*:4])(CCC1COC(=O)O1)CCC1COC(=O)O1;2->1;2->3;4->3;O=S(=O)([N-]S(=O)(=O)C(F)(F)F)C(F)(F)F,90.6,0,100.0,0.5,-5.501689446
39,<polymer_spg>[*:1]CC[Si](C[*:2])(CCC1COC(=O)O1)CCC1COC(=O)O1;[*:3]CC[Si](C[*:4])(CCC1COC(=O)O1)CCC1COC(=O)O1;2->1;2->3;4->3;O=S(=O)([N-]S(=O)(=O)C(F)(F)F)C(F)(F)F,90.6,-5,100.0,1.0,-4.567030709
40,<polymer_spg>[*:1]CC[Si](C[*:2])(CCC1COC(=O)O1)CCC1COC(=O)O1;[*:3]CC[Si](C[*:4])(CCC1COC(=O)O1)CCC1COC(=O)O1;2->1;2->3;4->3;O=S(=O)([N-]S(=O)(=O)C(F)(F)F)C(F)(F)F,90.6,-20,100.0,2.0,-3.617982957
41,<polymer_spg>[*:1]CC[Si](C[*:2])(CCC1COC(=O)O1)CCC1COC(=O)O1;[*:3]CC[Si](C[*:4])(CCC1COC(=O)O1)CCC1COC(=O)O1;2->1;2->3;4->3;O=S(=O)([N-]S(=O)(=O)C(F)(F)F)C(F)(F)F,90.6,-25,100.0,4.0,-3.269217724
42,<polymer_spg>[*:1]CC[Si](C[*:2])(CCC1COC(=O)O1)CCC1COC(=O)O1;[*:3]CC[Si](C[*:4])(CCC1COC(=O)O1)CCC1COC(=O)O1;2->1;2->3;4->3;O=S(=O)([O-])C(F)(F)F,90.6,-10,100.0,0.1,-6.302770657
43,<polymer_spg>[*:1]CC[Si](C[*:2])(CCC1COC(=O)O1)CCC1COC(=O)O1;[*:3]CC[Si](C[*:4])(CCC1COC(=O)O1)CCC1COC(=O)O1;2->1;2->3;4->3;O=S(=O)([O-])C(F)(F)F,90.6,0,100.0,0.3,-5.100179498
44,<polymer_spg>[*:1]CC[Si](C[*:2])(CCC1COC(=O)O1)CCC1COC(=O)O1;[*:3]CC[Si](C[*:4])(CCC1COC(=O)O1)CCC1COC(=O)O1;2->1;2->3;4->3;O=S(=O)([O-])C(F)(F)F,90.6,-5,100.0,0.4,-4.954677021
45,<polymer_spg>[*:1]CC[Si](C[*:2])(CCC1COC(=O)O1)CCC1COC(=O)O1;[*:3]CC[Si](C[*:4])(CCC1COC(=O)O1)CCC1COC(=O)O1;2->1;2->3;4->3;O=S(=O)([O-])C(F)(F)F,90.6,-5,100.0,0.7,-4.924453039
46,<polymer_spg>[*:1]CC[Si](C[*:2])(CCC1COC(=O)O1)CCC1COC(=O)O1;[*:3]CC[Si](C[*:4])(CCC1COC(=O)O1)CCC1COC(=O)O1;2->1;2->3;4->3;O=S(=O)([O-])C(F)(F)F,90.6,-5,100.0,1.0,-5.804100348
47,<polymer_spg>[*:1]CC[Si](C[*:2])(CCC1COC(=O)O1)CCC1COC(=O)O1;[*:3]CC[Si](C[*:4])(CCC1COC(=O)O1)CCC1COC(=O)O1;2->1;2->3;4->3;O=S(=O)([O-])C(F)(F)F,90.6,-5,100.0,2.0,-6.013676223
48,<polymer_spg>[*:1]CCCCC(=O)OC[*:2];[*:3]CCOC(=O)OC[*:4];2->1;2->3;4->3;O=S(=O)([N-]S(=O)(=O)C(F)(F)F)C(F)(F)F,257.0,-50,80.0,0.1,-3.982966661
49,<polymer_spg>[*:1]CCCCC(=O)OC[*:2];[*:3]CCOC(=O)OC[*:4];2->1;2->3;4->3;O=S(=O)([N-]S(=O)(=O)C(F)(F)F)C(F)(F)F,257.0,-40,80.0,0.15,-3.55129368
50,<polymer_spg>[*:1]CCCCC(=O)OC[*:2];[*:3]CCOC(=O)OC[*:4];2->1;2->3;4->3;O=S(=O)([N-]S(=O)(=O)C(F)(F)F)C(F)(F)F,257.0,-36,80.0,0.22,-3.488116639
51,<polymer_spg>[*:1]CCCCC(=O)OC[*:2];[*:3]CCOC(=O)OC[*:4];2->1;2->3;4->3;O=S(=O)([N-]S(=O)(=O)C(F)(F)F)C(F)(F)F,257.0,-38,80.0,0.31,-4.022276395
52,<polymer_spg>[*:1]COC(=O)CC(=O)OC[*:2];[*:3]COC(=O)CC(=O)OC[*:4];2->1;2->3;4->3;O=S(=O)([O-])C(F)(F)F,2.3,-13,100.0,0.03,-4.799718968
53,<polymer_spg>[*:1]COC(=O)CC(=O)OC[*:2];[*:3]COC(=O)CC(=O)OC[*:4];2->1;2->3;4->3;O=S(=O)([O-])C(F)(F)F,2.3,-8,100.0,0.06,-4.63172428
54,<polymer_spg>[*:1]COC(=O)CC(=O)OC[*:2];[*:3]COC(=O)CC(=O)OC[*:4];2->1;2->3;4->3;O=S(=O)([O-])C(F)(F)F,2.3,-5,100.0,0.12,-4.788887845
55,<polymer_spg>[*:1]COC(=O)CC(=O)OC[*:2];[*:3]COC(=O)CC(=O)OC[*:4];2->1;2->3;4->3;O=S(=O)([O-])C(F)(F)F,2.3,-3,100.0,0.25,-4.976589913
56,<polymer_spg>[*:1]COC(=O)CC(=O)OC[*:2];[*:3]COC(=O)CC(=O)OC[*:4];2->1;2->3;4->3;O=S(=O)([O-])C(F)(F)F,2.3,16,100.0,0.5,-5.572467833
57,<polymer_spg>[*:1]COC(=O)CCCCC(=O)OC[*:2];[*:3]COC(=O)CCCCC(=O)OC[*:4];2->1;2->3;4->3;[O-][Cl+3]([O-])([O-])[O-],10.0,-41,100.0,0.01,-5.047609011
58,<polymer_spg>[*:1]COC(=O)CCCCC(=O)OC[*:2];[*:3]COC(=O)CCCCC(=O)OC[*:4];2->1;2->3;4->3;[O-][Cl+3]([O-])([O-])[O-],10.0,-38,100.0,0.03,-4.117827621
59,<polymer_spg>[*:1]COC(=O)CCCCC(=O)OC[*:2];[*:3]COC(=O)CCCCC(=O)OC[*:4];2->1;2->3;4->3;[O-][Cl+3]([O-])([O-])[O-],10.0,-33,100.0,0.04,-3.705147886
60,<polymer_spg>[*:1]COC(=O)CCCCC(=O)OC[*:2];[*:3]COC(=O)CCCCC(=O)OC[*:4];2->1;2->3;4->3;[O-][Cl+3]([O-])([O-])[O-],10.0,-28,100.0,0.09,-3.560201203
61,<polymer_spg>[*:1]COC(=O)CCCCC(=O)OC[*:2];[*:3]COC(=O)CCCCC(=O)OC[*:4];2->1;2->3;4->3;[O-][Cl+3]([O-])([O-])[O-],10.0,-18,100.0,0.15,-3.599487034
62,<polymer_spg>[*:1]COC(=O)CCCCC(=O)OC[*:2];[*:3]COC(=O)CCCCC(=O)OC[*:4];2->1;2->3;4->3;[O-][Cl+3]([O-])([O-])[O-],10.0,-7,100.0,0.21,-3.821328683
63,<polymer_spg>[*:1]COC(=O)CCCCC(=O)OC[*:2];[*:3]COC(=O)CCCCC(=O)OC[*:4];2->1;2->3;4->3;[O-][Cl+3]([O-])([O-])[O-],10.0,-8,100.0,0.35,-4.451206782
64,<polymer_spg>[*:1]CCCOC(=O)CCCCC(=O)OC[*:2];[*:3]CCCOC(=O)CCCCC(=O)OC[*:4];2->1;2->3;4->3;[O-][Cl+3]([O-])([O-])[O-],12.0,-49,100.0,0.03,-4.0730617
65,<polymer_spg>[*:1]CCCOC(=O)CCCCC(=O)OC[*:2];[*:3]CCCOC(=O)CCCCC(=O)OC[*:4];2->1;2->3;4->3;[O-][Cl+3]([O-])([O-])[O-],12.0,-46,100.0,0.05,-3.668629327
66,<polymer_spg>[*:1]CCCOC(=O)CCCCC(=O)OC[*:2];[*:3]CCCOC(=O)CCCCC(=O)OC[*:4];2->1;2->3;4->3;[O-][Cl+3]([O-])([O-])[O-],12.0,-42,100.0,0.11,-3.42999049
67,<polymer_spg>[*:1]CCCOC(=O)CCCCC(=O)OC[*:2];[*:3]CCCOC(=O)CCCCC(=O)OC[*:4];2->1;2->3;4->3;[O-][Cl+3]([O-])([O-])[O-],12.0,-32,100.0,0.24,-3.69654523
68,<polymer_spg>[*:1]CCCCCOC(=O)CCCCC(=O)OC[*:2];[*:3]CCCCCOC(=O)CCCCC(=O)OC[*:4];2->1;2->3;4->3;[O-][Cl+3]([O-])([O-])[O-],3.8,-54,100.0,0.03,-4.193455555
69,<polymer_spg>[*:1]CCCCCOC(=O)CCCCC(=O)OC[*:2];[*:3]CCCCCOC(=O)CCCCC(=O)OC[*:4];2->1;2->3;4->3;[O-][Cl+3]([O-])([O-])[O-],3.8,-49,100.0,0.06,-3.762938561
70,<polymer_spg>[*:1]CCCCCOC(=O)CCCCC(=O)OC[*:2];[*:3]CCCCCOC(=O)CCCCC(=O)OC[*:4];2->1;2->3;4->3;[O-][Cl+3]([O-])([O-])[O-],3.8,-42,100.0,0.12,-3.462945651
71,<polymer_spg>[*:1]CCCCCOC(=O)CCCCC(=O)OC[*:2];[*:3]CCCCCOC(=O)CCCCC(=O)OC[*:4];2->1;2->3;4->3;[O-][Cl+3]([O-])([O-])[O-],3.8,-37,100.0,0.27,-3.502306134
72,<polymer_spg>[*:1]CCCCC(=O)OC[*:2];[*:3]CCCCC(=O)OC[*:4];2->1;2->3;4->3;[O-][Cl+3]([O-])([O-])[O-],65.0,-55,100.0,0.03,-4.607458953
73,<polymer_spg>[*:1]CCCCC(=O)OC[*:2];[*:3]CCCCC(=O)OC[*:4];2->1;2->3;4->3;[O-][Cl+3]([O-])([O-])[O-],65.0,-50,100.0,0.06,-3.954548137
74,<polymer_spg>[*:1]CCCCC(=O)OC[*:2];[*:3]CCCCC(=O)OC[*:4];2->1;2->3;4->3;[O-][Cl+3]([O-])([O-])[O-],65.0,-46,100.0,0.12,-3.570107735
75,<polymer_spg>[*:1]CCCCC(=O)OC[*:2];[*:3]CCCCC(=O)OC[*:4];2->1;2->3;4->3;[O-][Cl+3]([O-])([O-])[O-],65.0,-28,100.0,0.27,-3.926513004
76,<polymer_spg>[*:1]COC(=O)CCCC(=O)OC([*:2])C;[*:3]COC(=O)CCCC(=O)OC([*:4])C;2->1;2->3;4->3;O=S(=O)([N-]S(=O)(=O)C(F)(F)F)C(F)(F)F,8.8,-25,100.0,0.01,-5.588780008
77,<polymer_spg>[*:1]COC(=O)CCCC(=O)OC([*:2])C;[*:3]COC(=O)CCCC(=O)OC([*:4])C;2->1;2->3;4->3;O=S(=O)([N-]S(=O)(=O)C(F)(F)F)C(F)(F)F,8.8,-21,100.0,0.04,-4.755114516
78,<polymer_spg>[*:1]COC(=O)CCCC(=O)OC([*:2])C;[*:3]COC(=O)CCCC(=O)OC([*:4])C;2->1;2->3;4->3;O=S(=O)([N-]S(=O)(=O)C(F)(F)F)C(F)(F)F,8.8,-19,100.0,0.06,-4.62904256
79,<polymer_spg>[*:1]COC(=O)CCCC(=O)OC([*:2])C;[*:3]COC(=O)CCCC(=O)OC([*:4])C;2->1;2->3;4->3;O=S(=O)([N-]S(=O)(=O)C(F)(F)F)C(F)(F)F,8.8,-16,100.0,0.08,-4.66122281
80,<polymer_spg>[*:1]COC(=O)CCCC(=O)OC([*:2])C;[*:3]COC(=O)CCCC(=O)OC([*:4])C;2->1;2->3;4->3;O=S(=O)([N-]S(=O)(=O)C(F)(F)F)C(F)(F)F,8.8,-12,100.0,0.1,-4.785257582
81,<polymer_spg>[*:1]COC(=O)CCCC(=O)OC([*:2])C;[*:3]COC(=O)CCCC(=O)OC([*:4])C;2->1;2->3;4->3;O=S(=O)([N-]S(=O)(=O)C(F)(F)F)C(F)(F)F,8.8,-9,100.0,0.14,-4.813752317
82,<polymer_spg>[*:1]COC(=O)COCC(=O)OC([*:2])C;[*:3]COC(=O)COCC(=O)OC([*:4])C;2->1;2->3;4->3;O=S(=O)([N-]S(=O)(=O)C(F)(F)F)C(F)(F)F,6.7,14,100.0,0.01,-6.539097932
83,<polymer_spg>[*:1]COC(=O)COCC(=O)OC([*:2])C;[*:3]COC(=O)COCC(=O)OC([*:4])C;2->1;2->3;4->3;O=S(=O)([N-]S(=O)(=O)C(F)(F)F)C(F)(F)F,6.7,18,100.0,0.03,-6.38075676
84,<polymer_spg>[*:1]COC(=O)COCC(=O)OC([*:2])C;[*:3]COC(=O)COCC(=O)OC([*:4])C;2->1;2->3;4->3;O=S(=O)([N-]S(=O)(=O)C(F)(F)F)C(F)(F)F,6.7,19,100.0,0.04,-5.951441712
85,<polymer_spg>[*:1]COC(=O)COCC(=O)OC([*:2])C;[*:3]COC(=O)COCC(=O)OC([*:4])C;2->1;2->3;4->3;O=S(=O)([N-]S(=O)(=O)C(F)(F)F)C(F)(F)F,6.7,22,100.0,0.05,-5.891551102
86,<polymer_spg>[*:1]COC(=O)COCC(=O)OC([*:2])C;[*:3]COC(=O)COCC(=O)OC([*:4])C;2->1;2->3;4->3;O=S(=O)([N-]S(=O)(=O)C(F)(F)F)C(F)(F)F,6.7,26,100.0,0.07,-5.909080719
87,<polymer_spg>[*:1]COC(=O)COCC(=O)OC([*:2])C;[*:3]COC(=O)COCC(=O)OC([*:4])C;2->1;2->3;4->3;O=S(=O)([N-]S(=O)(=O)C(F)(F)F)C(F)(F)F,6.7,31,100.0,0.09,-6.534425323
88,<polymer_spg>[*:1]COC(=O)CCCC(=O)OC([*:2])COCC=C;[*:3]COC(=O)CCCC(=O)OC([*:4])COCC=C;2->1;2->3;4->3;O=S(=O)([N-]S(=O)(=O)C(F)(F)F)C(F)(F)F,10.4,-40,100.0,0.01,-5.151567228
89,<polymer_spg>[*:1]COC(=O)CCCC(=O)OC([*:2])COCC=C;[*:3]COC(=O)CCCC(=O)OC([*:4])COCC=C;2->1;2->3;4->3;O=S(=O)([N-]S(=O)(=O)C(F)(F)F)C(F)(F)F,10.4,-35,100.0,0.03,-4.810132698
90,<polymer_spg>[*:1]COC(=O)CCCC(=O)OC([*:2])COCC=C;[*:3]COC(=O)CCCC(=O)OC([*:4])COCC=C;2->1;2->3;4->3;O=S(=O)([N-]S(=O)(=O)C(F)(F)F)C(F)(F)F,10.4,-34,100.0,0.04,-4.67520887
91,<polymer_spg>[*:1]COC(=O)CCCC(=O)OC([*:2])COCC=C;[*:3]COC(=O)CCCC(=O)OC([*:4])COCC=C;2->1;2->3;4->3;O=S(=O)([N-]S(=O)(=O)C(F)(F)F)C(F)(F)F,10.4,-30,100.0,0.05,-4.507251708
92,<polymer_spg>[*:1]COC(=O)CCCC(=O)OC([*:2])COCC=C;[*:3]COC(=O)CCCC(=O)OC([*:4])COCC=C;2->1;2->3;4->3;O=S(=O)([N-]S(=O)(=O)C(F)(F)F)C(F)(F)F,10.4,-26,100.0,0.07,-4.484513804
93,<polymer_spg>[*:1]COC(=O)CCCC(=O)OC([*:2])COCC=C;[*:3]COC(=O)CCCC(=O)OC([*:4])COCC=C;2->1;2->3;4->3;O=S(=O)([N-]S(=O)(=O)C(F)(F)F)C(F)(F)F,10.4,-23,100.0,0.09,-4.610508632
94,<polymer_spg>[*:1]COC(=O)COCC(=O)OC([*:2])COCC=C;[*:3]COC(=O)COCC(=O)OC([*:4])COCC=C;2->1;2->3;4->3;O=S(=O)([N-]S(=O)(=O)C(F)(F)F)C(F)(F)F,8.9,-13,100.0,0.0,-5.256906424
95,<polymer_spg>[*:1]COC(=O)COCC(=O)OC([*:2])COCC=C;[*:3]COC(=O)COCC(=O)OC([*:4])COCC=C;2->1;2->3;4->3;O=S(=O)([N-]S(=O)(=O)C(F)(F)F)C(F)(F)F,8.9,-9,100.0,0.02,-4.895870094
96,<polymer_spg>[*:1]COC(=O)COCC(=O)OC([*:2])COCC=C;[*:3]COC(=O)COCC(=O)OC([*:4])COCC=C;2->1;2->3;4->3;O=S(=O)([N-]S(=O)(=O)C(F)(F)F)C(F)(F)F,8.9,-6,100.0,0.03,-4.821788801
97,<polymer_spg>[*:1]COC(=O)COCC(=O)OC([*:2])COCC=C;[*:3]COC(=O)COCC(=O)OC([*:4])COCC=C;2->1;2->3;4->3;O=S(=O)([N-]S(=O)(=O)C(F)(F)F)C(F)(F)F,8.9,-3,100.0,0.04,-4.688594864
98,<polymer_spg>[*:1]COC(=O)COCC(=O)OC([*:2])COCC=C;[*:3]COC(=O)COCC(=O)OC([*:4])COCC=C;2->1;2->3;4->3;O=S(=O)([N-]S(=O)(=O)C(F)(F)F)C(F)(F)F,8.9,0,100.0,0.05,-4.599761809
99,<polymer_spg>[*:1]COC(=O)COCC(=O)OC([*:2])COCC=C;[*:3]COC(=O)COCC(=O)OC([*:4])COCC=C;2->1;2->3;4->3;O=S(=O)([N-]S(=O)(=O)C(F)(F)F)C(F)(F)F,8.9,4,100.0,0.07,-4.948854422
100,<polymer_spg>[*:1]COC(=O)CCC(=O)OC[*:2];[*:3]COC(=O)CCC(=O)OC[*:4];2->1;2->3;4->3;N#C[S-],23.4,-3,100.0,0.04,-7.693177742
101,<polymer_spg>[*:1]COC(=O)CCCCCCCCC(=O)OC[*:2];[*:3]COC(=O)CCCCCCCCC(=O)OC[*:4];2->1;2->3;4->3;N#C[S-],33.0,-37,100.0,0.04,-7.384470596
102,<polymer_spg>[*:1]C1C([*:2])N(C(C)=O)C(=O)N1C(C)=O;[*:3]C1C([*:4])N(C(C)=O)C(=O)N1C(C)=O;2->1;2->3;4->3;O=S(=O)([N-]S(=O)(=O)C(F)(F)F)C(F)(F)F,47.0,24,100.0,1.0,-5.658
103,<polymer_spg>[*:1]C1C([*:2])N(C(C)=O)C(=O)N1C(C)=O;[*:3]C1C([*:4])N(C(C)=O)C(=O)N1C(C)=O;2->1;2->3;4->3;O=S(=O)([N-]S(=O)(=O)C(F)(F)F)C(F)(F)F,47.0,35,100.0,0.67,-5.683
104,<polymer_spg>[*:1]C1C([*:2])N(C(C)=O)C(=O)N1C(C)=O;[*:3]C1C([*:4])N(C(C)=O)C(=O)N1C(C)=O;2->1;2->3;4->3;O=S(=O)([N-]S(=O)(=O)C(F)(F)F)C(F)(F)F,47.0,32,100.0,0.33,-4.59
105,<polymer_spg>[*:1]C1C([*:2])N(C(C)=O)C(=O)N1C(C)=O;[*:3]C1C([*:4])N(C(C)=O)C(=O)N1C(C)=O;2->1;2->3;4->3;O=S(=O)([N-]S(=O)(=O)C(F)(F)F)C(F)(F)F,47.0,39,100.0,0.11,-7.344
106,<polymer_spg>[*:1]CC([*:2])(C)C#N;[*:3]CC([*:4])(C)C#N;2->1;2->3;4->3;O=S(=O)([N-]S(=O)(=O)C(F)(F)F)C(F)(F)F,170.0,80,100.0,0.5,-5.182529456
107,<polymer_spg>[*:1]CC([*:2])(C)C#N;[*:3]CC([*:4])(C)C#N;2->1;2->3;4->3;O=S(=O)([N-]S(=O)(=O)C(F)(F)F)C(F)(F)F,170.0,80,100.0,0.33,-6.728347089
108,<polymer_spg>[*:1]CC([*:2])(C)C#N;[*:3]CC([*:4])(C)C#N;2->1;2->3;4->3;O=S(=O)([N-]S(=O)(=O)C(F)(F)F)C(F)(F)F,170.0,80,100.0,0.17,-6.690203809
109,<polymer_spg>[*:1]CC([*:2])(C)C#N;[*:3]CC([*:4])(C)C#N;2->1;2->3;4->3;O=S(=O)([N-]S(=O)(=O)C(F)(F)F)C(F)(F)F,170.0,80,100.0,0.12,-6.242537778
110,<polymer_spg>[*:1]CC([*:2])(C)C#N;[*:3]CC([*:4])(C)C#N;2->1;2->3;4->3;O=S(=O)([N-]S(=O)(=O)C(F)(F)F)C(F)(F)F,170.0,80,100.0,0.08,-6.735953645
111,<polymer_spg>[*:1]CC([*:2])(C)C#N;[*:3]CC([*:4])(C)C#N;2->1;2->3;4->3;O=S(=O)([N-]S(=O)(=O)C(F)(F)F)C(F)(F)F,170.0,80,100.0,0.06,-6.997216472
112,<polymer_spg>[*:1]CN(C[*:2])CCC#N;[*:3]CN(C[*:4])CCC#N;2->1;2->3;4->3;O=S(=O)([O-])C(F)(F)F,190.0,-36,100.0,0.1,-4.830599842
113,<polymer_spg>[*:1]CC([*:2])O;[*:3]CC([*:4])OC(C)=O;2->1;2->3;4->3;O=S(=O)([N-]S(=O)(=O)C(F)(F)F)C(F)(F)F,125000.0,58,98.0,0.25,-6.403909826
114,<polymer_spg>[*:1]CC([*:2])O;[*:3]CC([*:4])OC(C)=O;2->1;2->3;4->3;O=S(=O)([O-])C(F)(F)F,125000.0,67,98.0,0.25,-7.23847389
115,<polymer_spg>[*:1]CC([*:2])O;[*:3]CC([*:4])OC(C)=O;2->1;2->3;4->3;[O-][Cl+3]([O-])([O-])[O-],125000.0,41,98.0,0.25,-7.459811029
116,<polymer_spg>[*:1]CC([*:2])O;[*:3]CC([*:4])OC(C)=O;2->1;2->3;4->3;O=S(=O)([N-]S(=O)(=O)C(F)(F)F)C(F)(F)F,125000.0,59,98.0,0.25,-7.116898221
117,<polymer_spg>[*:1]CNC[*:2];[*:3]CNC[*:4];2->1;2->3;4->3;O=S(=O)([O-])C(F)(F)F,122664.0,-17,100.0,0.07,-5.541342791
118,<polymer_spg>[*:1]CNC[*:2];[*:3]CNC[*:4];2->1;2->3;4->3;O=S(=O)([O-])C(F)(F)F,122664.0,-10,100.0,0.1,-6.003892002
119,<polymer_spg>[*:1]CNC[*:2];[*:3]CNC[*:4];2->1;2->3;4->3;[O-][Cl+3]([O-])([O-])[O-],122664.0,-15,100.0,0.07,-5.633429112
120,<polymer_spg>[*:1]CNC[*:2];[*:3]CNC[*:4];2->1;2->3;4->3;[O-][Cl+3]([O-])([O-])[O-],122664.0,0,100.0,0.1,-6.379373023
121,<polymer_spg>[*:1]CN(C)C[*:2];[*:3]CN(C)C[*:4];2->1;2->3;4->3;O=S(=O)([O-])C(F)(F)F,162707.0,-42,100.0,0.06,-6.017038874
122,<polymer_spg>[*:1]CN(C)C[*:2];[*:3]CN(C)C[*:4];2->1;2->3;4->3;O=S(=O)([O-])C(F)(F)F,162707.0,-33,100.0,0.1,-5.971895376
123,<polymer_spg>[*:1]CN(C)C[*:2];[*:3]CN(C)C[*:4];2->1;2->3;4->3;O=S(=O)([O-])C(F)(F)F,162707.0,4,100.0,0.17,-7.030151148
124,<polymer_spg>[*:1]CN(C)C[*:2];[*:3]CN(C)C[*:4];2->1;2->3;4->3;[O-][Cl+3]([O-])([O-])[O-],162707.0,-53,100.0,0.07,-6.497145169
125,<polymer_spg>[*:1]CN(C)C[*:2];[*:3]CN(C)C[*:4];2->1;2->3;4->3;[O-][Cl+3]([O-])([O-])[O-],162707.0,-20,100.0,0.1,-7.591916938
126,<polymer_spg>[*:1]CN(C)C[*:2];[*:3]CN(C)C[*:4];2->1;2->3;4->3;O=S(=O)([O-])C(F)(F)F,50.0,-36,100.0,0.04,-4.872981847
127,<polymer_spg>[*:1]CN(C)C[*:2];[*:3]CN(C)C[*:4];2->1;2->3;4->3;O=S(=O)([O-])C(F)(F)F,50.0,-31,100.0,0.05,-4.470348068
128,<polymer_spg>[*:1]CN(C)C[*:2];[*:3]CN(C)C[*:4];2->1;2->3;4->3;O=S(=O)([O-])C(F)(F)F,50.0,-30,100.0,0.06,-4.55151118
129,<polymer_spg>[*:1]CN(C)C[*:2];[*:3]CN(C)C[*:4];2->1;2->3;4->3;O=S(=O)([O-])C(F)(F)F,50.0,-24,100.0,0.07,-5.082716375
130,<polymer_spg>[*:1]CN(C)C[*:2];[*:3]CN(C)C[*:4];2->1;2->3;4->3;O=S(=O)([O-])C(F)(F)F,50.0,-5,100.0,0.12,-6.028903531
131,<polymer_spg>[*:1]CN(C)C[*:2];[*:3]CN(C)C[*:4];2->1;2->3;4->3;O=S(=O)([N-]S(=O)(=O)C(F)(F)F)C(F)(F)F,10.0,-61,100.0,0.0,-4.971466005
132,<polymer_spg>[*:1]CN(C)C[*:2];[*:3]CN(C)C[*:4];2->1;2->3;4->3;O=S(=O)([N-]S(=O)(=O)C(F)(F)F)C(F)(F)F,10.0,-61,100.0,0.0,-4.885211587
133,<polymer_spg>[*:1]CN(C)C[*:2];[*:3]CN(C)C[*:4];2->1;2->3;4->3;O=S(=O)([N-]S(=O)(=O)C(F)(F)F)C(F)(F)F,10.0,-63,100.0,0.01,-4.513827281
134,<polymer_spg>[*:1]CN(C)C[*:2];[*:3]CN(C)C[*:4];2->1;2->3;4->3;O=S(=O)([N-]S(=O)(=O)C(F)(F)F)C(F)(F)F,10.0,-61,100.0,0.02,-4.378016645
135,<polymer_spg>[*:1]CN(C)C[*:2];[*:3]CN(C)C[*:4];2->1;2->3;4->3;O=S(=O)([N-]S(=O)(=O)C(F)(F)F)C(F)(F)F,10.0,-52,100.0,0.05,-4.3904622
136,<polymer_spg>[*:1]CN(C)C[*:2];[*:3]CN(C)C[*:4];2->1;2->3;4->3;O=S(=O)([N-]S(=O)(=O)C(F)(F)F)C(F)(F)F,10.0,-45,100.0,0.1,-5.060487918
137,<polymer_spg>[*:1]Cc1c(C)c(C)c(COCP(=S)(CO[*:2])Cc2ccccc2)c(C)c1C;[*:3]Cc1c(C)c(C)c(COCP(=S)(CO[*:4])Cc2ccccc2)c(C)c1C;2->1;2->3;4->3;O=S(=O)([N-]S(=O)(=O)C(F)(F)F)C(F)(F)F,9.6,156,100.0,0.14,-5.430717876
138,<polymer_spg>[*:1]Cc1c(C)c(C)c(COCP(=S)(CO[*:2])Cc2ccccc2)c(C)c1C;[*:3]Cc1c(C)c(C)c(COCP(=S)(CO[*:4])Cc2ccccc2)c(C)c1C;2->1;2->3;4->3;O=S(=O)([N-]S(=O)(=O)C(F)(F)F)C(F)(F)F,9.6,167,100.0,0.32,-5.455759599
139,<polymer_spg>[*:1]Cc1c(C)c(C)c(COCP(=S)(CO[*:2])Cc2ccccc2)c(C)c1C;[*:3]Cc1c(C)c(C)c(COCP(=S)(CO[*:4])Cc2ccccc2)c(C)c1C;2->1;2->3;4->3;O=S(=O)([N-]S(=O)(=O)C(F)(F)F)C(F)(F)F,9.6,171,100.0,0.56,-4.838063439
140,<polymer_spg>[*:1]Cc1c(C)c(C)c(COCP(=S)(CO[*:2])Cc2ccccc2)c(C)c1C;[*:3]Cc1c(C)c(C)c(COCP(=S)(CO[*:4])Cc2ccccc2)c(C)c1C;2->1;2->3;4->3;O=S(=O)([N-]S(=O)(=O)C(F)(F)F)C(F)(F)F,9.6,193,100.0,0.83,-2.475792988
141,<polymer_spg>[*:1]Cc1c(C)c(C)c(COCP(=S)(CO[*:2])Cc2ccccc2)c(C)c1C;[*:3]Cc1c(C)c(C)c(COCP(=S)(CO[*:4])Cc2ccccc2)c(C)c1C;2->1;2->3;4->3;O=S(=O)([N-]S(=O)(=O)C(F)(F)F)C(F)(F)F,2.1,150,100.0,0.14,-7.033898305
142,<polymer_spg>[*:1]Cc1c(C)c(C)c(COCP(=S)(CO[*:2])Cc2ccccc2)c(C)c1C;[*:3]Cc1c(C)c(C)c(COCP(=S)(CO[*:4])Cc2ccccc2)c(C)c1C;2->1;2->3;4->3;O=S(=O)([N-]S(=O)(=O)C(F)(F)F)C(F)(F)F,2.1,155,100.0,0.32,-5.55932
143,<polymer_spg>[*:1]Cc1c(C)c(C)c(COCP(=S)(CO[*:2])Cc2ccccc2)c(C)c1C;[*:3]Cc1c(C)c(C)c(COCP(=S)(CO[*:4])Cc2ccccc2)c(C)c1C;2->1;2->3;4->3;O=S(=O)([N-]S(=O)(=O)C(F)(F)F)C(F)(F)F,2.1,207,100.0,0.56,-4.9661
144,<polymer_spg>[*:1]Cc1c(C)c(C)c(COCP(=S)(CO[*:2])Cc2ccccc2)c(C)c1C;[*:3]Cc1c(C)c(C)c(COCP(=S)(CO[*:4])Cc2ccccc2)c(C)c1C;2->1;2->3;4->3;O=S(=O)([N-]S(=O)(=O)C(F)(F)F)C(F)(F)F,2.1,210,100.0,0.83,-4.20339
145,<polymer_spg>[*:1]CC([*:2])c1ccc(NC(=O)Cc2c(OC)cccc2OC)cc1;[*:3]CC([*:4])c1ccc(NC(=O)Cc2c(OC)cccc2OC)cc1;2->1;2->3;4->3;O=S(=O)([N-]S(=O)(=O)C(F)(F)F)C(F)(F)F,390.0,164,100.0,0.67,-4.26760624
146,<polymer_spg>[*:1]COC([*:2])COCCCSCCCC(=O)NCCn1ccnc1;[*:3]CCO[*:4];2->1;2->3;4->3;O=S(=O)([N-]S(=O)(=O)C(F)(F)F)C(F)(F)F,41204.3,-32,17.0,0.01,-5.15563935
147,<polymer_spg>[*:1]COC([*:2])COCCCSCCCC(=O)NCCn1ccnc1;[*:3]CCO[*:4];2->1;2->3;4->3;O=S(=O)([N-]S(=O)(=O)C(F)(F)F)C(F)(F)F,41204.3,-33,17.0,0.01,-5.206566454
148,<polymer_spg>[*:1]COC([*:2])COCCCSCCCC(=O)NCCn1ccnc1;[*:3]COC([*:4])COCCCSCCCC(=O)NCCn1ccnc1;2->1;2->3;4->3;O=S(=O)([N-]S(=O)(=O)C(F)(F)F)C(F)(F)F,25610.2,-11,100.0,0.01,-5.900290018
149,<polymer_spg>[*:1]COC([*:2])COCCCSCCCC(=O)NCCn1ccnc1;[*:3]COC([*:4])COCCCSCCCC(=O)NCCn1ccnc1;2->1;2->3;4->3;O=S(=O)([N-]S(=O)(=O)C(F)(F)F)C(F)(F)F,25610.2,-4,100.0,0.02,-6.033489785
150,<polymer_spg>[*:1]COC([*:2])COCCCSCCCC(=O)NCCn1ccnc1;[*:3]COC([*:4])COCCCSCCCC(=O)NCCn1ccnc1;2->1;2->3;4->3;O=S(=O)([N-]S(=O)(=O)C(F)(F)F)C(F)(F)F,25610.2,-1,100.0,0.03,-6.091671913
151,<polymer_spg>[*:1]CC([*:2])CCSCCCC(=O)NCCn1ccnc1;[*:3]CC([*:4])CCSCCCC(=O)NCCn1ccnc1;2->1;2->3;4->3;O=S(=O)([N-]S(=O)(=O)C(F)(F)F)C(F)(F)F,56286.0,11,100.0,0.01,-7.385200563
152,<polymer_spg>[*:1]CC([*:2])CCSCCCC(=O)NCCn1ccnc1;[*:3]CC([*:4])CCSCCCC(=O)NCCn1ccnc1;2->1;2->3;4->3;O=S(=O)([N-]S(=O)(=O)C(F)(F)F)C(F)(F)F,56286.0,24,100.0,0.04,-7.763101501
153,<polymer_spg>[*:1]CC([*:2])CCSCCCC(=O)NCCn1ccnc1;[*:3]CC([*:4])CCSCCCC(=O)NCCn1ccnc1;2->1;2->3;4->3;O=S(=O)([N-]S(=O)(=O)C(F)(F)F)C(F)(F)F,56286.0,39,100.0,0.06,-9.001342017
154,<polymer_spg>[*:1]O[Si]([*:2])(C)CCSCCCC(=O)NCCn1ccnc1;[*:3]O[Si]([*:4])(C)CCSCCCC(=O)NCCn1ccnc1;2->1;2->3;4->3;O=S(=O)([N-]S(=O)(=O)C(F)(F)F)C(F)(F)F,110943.6,-6,100.0,0.01,-6.446174023
155,<polymer_spg>[*:1]O[Si]([*:2])(C)CCSCCCC(=O)NCCn1ccnc1;[*:3]O[Si]([*:4])(C)CCSCCCC(=O)NCCn1ccnc1;2->1;2->3;4->3;O=S(=O)([N-]S(=O)(=O)C(F)(F)F)C(F)(F)F,110943.6,-3,100.0,0.04,-6.35849502
156,<polymer_spg>[*:1]O[Si]([*:2])(C)CCSCCCC(=O)NCCn1ccnc1;[*:3]O[Si]([*:4])(C)CCSCCCC(=O)NCCn1ccnc1;2->1;2->3;4->3;O=S(=O)([N-]S(=O)(=O)C(F)(F)F)C(F)(F)F,110943.6,0,100.0,0.06,-6.332222661
157,<polymer_spg>[*:1]O[Si]([*:2])(C)CCSCCCC(=O)NCCn1ccnc1;[*:3]O[Si]([*:4])(C)CCSCCCC(=O)NCCn1ccnc1;2->1;2->3;4->3;O=S(=O)([N-]S(=O)(=O)C(F)(F)F)C(F)(F)F,105215.0,-7,100.0,0.05,-6.18219514
158,<polymer_spg>[*:1]O[Si]([*:2])(C)CCSCCCC(=O)NCCn1ccnc1;[*:3]O[Si]([*:4])(C)CCSCC;2->1;2->3;4->3;O=S(=O)([N-]S(=O)(=O)C(F)(F)F)C(F)(F)F,89174.4,-4,71.0,0.07,-6.076827721
159,<polymer_spg>[*:1]O[Si]([*:2])(C)CCSCCCC(=O)NCCn1ccnc1;[*:3]O[Si]([*:4])(C)CCSCC;2->1;2->3;4->3;O=S(=O)([N-]S(=O)(=O)C(F)(F)F)C(F)(F)F,89174.4,-11,71.0,0.05,-6.018583549
160,<polymer_spg>[*:1]O[Si]([*:2])(C)CCSCCCC(=O)NCCn1ccnc1;[*:3]O[Si]([*:4])(C)CCSCC;2->1;2->3;4->3;O=S(=O)([N-]S(=O)(=O)C(F)(F)F)C(F)(F)F,76944.0,-11,49.0,0.1,-5.780312544
161,<polymer_spg>[*:1]O[Si]([*:2])(C)CCSCCCC(=O)NCCn1ccnc1;[*:3]O[Si]([*:4])(C)CCSCC;2->1;2->3;4->3;O=S(=O)([N-]S(=O)(=O)C(F)(F)F)C(F)(F)F,76944.0,-19,49.0,0.05,-5.748539723
162,<polymer_spg>[*:1]O[Si]([*:2])(C)CCSCCCC(=O)NCCn1ccnc1;[*:3]O[Si]([*:4])(C)CCSCC;2->1;2->3;4->3;O=S(=O)([N-]S(=O)(=O)C(F)(F)F)C(F)(F)F,67872.0,-19,33.0,0.15,-5.802771871
163,<polymer_spg>[*:1]O[Si]([*:2])(C)CCSCCCC(=O)NCCn1ccnc1;[*:3]O[Si]([*:4])(C)CCSCC;2->1;2->3;4->3;O=S(=O)([N-]S(=O)(=O)C(F)(F)F)C(F)(F)F,67872.0,-28,33.0,0.05,-5.683259062
164,<polymer_spg>[*:1]O[Si]([*:2])(C)CCSCCCC(=O)NCCn1ccnc1;[*:3]O[Si]([*:4])(C)CCSCC;2->1;2->3;4->3;O=S(=O)([N-]S(=O)(=O)C(F)(F)F)C(F)(F)F,65856.0,-20,29.0,0.17,-5.860155071
165,<polymer_spg>[*:1]O[Si]([*:2])(C)CCSCCCC(=O)NCCn1ccnc1;[*:3]O[Si]([*:4])(C)CCSCC;2->1;2->3;4->3;O=S(=O)([N-]S(=O)(=O)C(F)(F)F)C(F)(F)F,60816.0,-31,20.0,0.25,-5.8161068
166,<polymer_spg>[*:1]O[Si]([*:2])(C)CCSCCCC(=O)NCCn1ccnc1;[*:3]O[Si]([*:4])(C)CCSCC;2->1;2->3;4->3;O=S(=O)([N-]S(=O)(=O)C(F)(F)F)C(F)(F)F,53625.6,-80,7.0,0.05,-6.153247929
167,<polymer_spg>[*:1]O[Si]([*:2])(C)CCSCCCC(=O)NCCn1ccnc1;[*:3]O[Si]([*:4])(C)CCSCC;2->1;2->3;4->3;O=S(=O)([N-]S(=O)(=O)C(F)(F)F)C(F)(F)F,53625.6,-81,7.0,0.36,-6.369167275
168,<polymer_spg>[*:1]O[Si]([*:2])(C)CCSCCCC(=O)NCCn1ccnc1;[*:3]O[Si]([*:4])(C)CCSCC;2->1;2->3;4->3;O=S(=O)([N-]S(=O)(=O)C(F)(F)F)C(F)(F)F,53625.6,-65,7.0,0.71,-6.272678861
169,<polymer_spg>[*:1]O[Si]([*:2])(C)CCSCCCC(=O)NCCn1ccnc1;[*:3]O[Si]([*:4])(C)CCSCCCCCCCc1ccccc1;2->1;2->3;4->3;O=S(=O)([N-]S(=O)(=O)C(F)(F)F)C(F)(F)F,67760.0,-13,72.0,0.07,-5.971409957
170,<polymer_spg>[*:1]O[Si]([*:2])(C)CCSCCCC(=O)NCCn1ccnc1;[*:3]O[Si]([*:4])(C)CCSCCCCCCCc1ccccc1;2->1;2->3;4->3;O=S(=O)([N-]S(=O)(=O)C(F)(F)F)C(F)(F)F,66440.0,-36,40.0,0.12,-6.094302457
171,<polymer_spg>[*:1]O[Si]([*:2])(C)CCSCCCC(=O)NCCn1ccnc1;[*:3]O[Si]([*:4])(C)CCSCCCCCCCc1ccccc1;2->1;2->3;4->3;O=S(=O)([N-]S(=O)(=O)C(F)(F)F)C(F)(F)F,65340.0,-62,14.0,0.36,-6.697991434
172,<polymer_spg>[*:1]O[Si]([*:2])(C)CCSCCCCCCCn1ccnc1;[*:3]O[Si]([*:4])(C)CCSCCCCCCCn1ccnc1;2->1;2->3;4->3;O=S(=O)([N-]S(=O)(=O)C(F)(F)F)C(F)(F)F,65340.0,-22,100.0,0.03,-5.185554223
173,<polymer_spg>[*:1]O[Si]([*:2])(C)CCSCCCCCCCn1ccnc1;[*:3]O[Si]([*:4])(C)CCSCCCCCCCn1ccnc1;2->1;2->3;4->3;O=S(=O)([N-]S(=O)(=O)C(F)(F)F)C(F)(F)F,65340.0,7,100.0,0.3,-5.791297391
174,<polymer_spg>[*:1]CCO[*:2];[*:3]CCO[*:4];2->1;2->3;4->3;F[P-](F)(F)(F)(F)F,4000.0,-54,100.0,0.01,-6.4715
175,<polymer_spg>[*:1]CCO[*:2];[*:3]CCO[*:4];2->1;2->3;4->3;F[P-](F)(F)(F)(F)F,4000.0,-50,100.0,0.02,-6.4976
176,<polymer_spg>[*:1]CCO[*:2];[*:3]CCO[*:4];2->1;2->3;4->3;F[P-](F)(F)(F)(F)F,4000.0,-51,100.0,0.03,-6.5604
177,<polymer_spg>[*:1]CCO[*:2];[*:3]CCO[*:4];2->1;2->3;4->3;F[P-](F)(F)(F)(F)F,4000.0,-49,100.0,0.03,-4.2961
178,<polymer_spg>[*:1]CCO[*:2];[*:3]CCO[*:4];2->1;2->3;4->3;F[P-](F)(F)(F)(F)F,4000.0,-45,100.0,0.05,-6.1124
179,<polymer_spg>[*:1]CCO[*:2];[*:3]CCO[*:4];2->1;2->3;4->3;F[P-](F)(F)(F)(F)F,4000.0,-44,100.0,0.06,-6.6565
180,<polymer_spg>[*:1]CCO[*:2];[*:3]CCO[*:4];2->1;2->3;4->3;F[P-](F)(F)(F)(F)F,4000.0,-43,100.0,0.08,-6.3816
181,<polymer_spg>[*:1]CCO[*:2];[*:3]CCO[*:4];2->1;2->3;4->3;O=S(=O)(F)[N-]S(=O)(=O)F,500.0,-45,100.0,0.05,-3.97027712
182,<polymer_spg>[*:1]CCO[*:2];[*:3]CCO[*:4];2->1;2->3;4->3;O=S(=O)([N-]S(=O)(=O)C(F)(F)F)C(F)(F)F,500.0,-36,100.0,0.05,-3.558843312
183,<polymer_spg>[*:1]CCO[*:2];[*:3]CCO[*:4];2->1;2->3;4->3;O=S(=O)([N-]S(=O)(=O)C(F)(F)F)C(F)(F)F,4.0,-66,100.0,0.0,-4.49757288
184,<polymer_spg>[*:1]CCO[*:2];[*:3]CCO[*:4];2->1;2->3;4->3;O=S(=O)([N-]S(=O)(=O)C(F)(F)F)C(F)(F)F,4.0,-65,100.0,0.01,-3.935542011
185,<polymer_spg>[*:1]CCO[*:2];[*:3]CCO[*:4];2->1;2->3;4->3;O=S(=O)([N-]S(=O)(=O)C(F)(F)F)C(F)(F)F,4.0,-64,100.0,0.01,-3.772113295
186,<polymer_spg>[*:1]CCO[*:2];[*:3]CCO[*:4];2->1;2->3;4->3;O=S(=O)([N-]S(=O)(=O)C(F)(F)F)C(F)(F)F,4.0,-63,100.0,0.01,-3.694648631
187,<polymer_spg>[*:1]CCO[*:2];[*:3]CCO[*:4];2->1;2->3;4->3;O=S(=O)([N-]S(=O)(=O)C(F)(F)F)C(F)(F)F,4.0,-62,100.0,0.02,-3.552841969
188,<polymer_spg>[*:1]CCO[*:2];[*:3]CCO[*:4];2->1;2->3;4->3;O=S(=O)([N-]S(=O)(=O)C(F)(F)F)C(F)(F)F,4.0,-61,100.0,0.02,-3.403402904
189,<polymer_spg>[*:1]CCO[*:2];[*:3]CCO[*:4];2->1;2->3;4->3;O=S(=O)([N-]S(=O)(=O)C(F)(F)F)C(F)(F)F,4.0,-58,100.0,0.03,-3.26760624
190,<polymer_spg>[*:1]CCO[*:2];[*:3]CCO[*:4];2->1;2->3;4->3;O=S(=O)([N-]S(=O)(=O)C(F)(F)F)C(F)(F)F,4.0,-56,100.0,0.04,-3.229147988
191,<polymer_spg>[*:1]CCO[*:2];[*:3]CCO[*:4];2->1;2->3;4->3;O=S(=O)([N-]S(=O)(=O)C(F)(F)F)C(F)(F)F,4.0,-50,100.0,0.06,-3.214670165
192,<polymer_spg>[*:1]CCO[*:2];[*:3]CCO[*:4];2->1;2->3;4->3;O=S(=O)([N-]S(=O)(=O)C(F)(F)F)C(F)(F)F,4.0,-43,100.0,0.09,-3.283996656
193,<polymer_spg>[*:1]CCO[*:2];[*:3]CCO[*:4];2->1;2->3;4->3;O=S(=O)([N-]S(=O)(=O)C(F)(F)F)C(F)(F)F,4.0,-36,100.0,0.12,-3.386158178
194,<polymer_spg>[*:1]CCO[*:2];[*:3]CCO[*:4];2->1;2->3;4->3;O=S(=O)([N-]S(=O)(=O)C(F)(F)F)C(F)(F)F,4.0,-29,100.0,0.17,-3.48945499
195,<polymer_spg>[*:1]CCO[*:2];[*:3]CCO[*:4];2->1;2->3;4->3;O=S(=O)([N-]S(=O)(=O)C(F)(F)F)C(F)(F)F,4.0,-25,100.0,0.2,-4.036212173
196,<polymer_spg>[*:1]CCO[*:2];[*:3]CCO[*:4];2->1;2->3;4->3;O=S(=O)([N-]S(=O)(=O)C(F)(F)F)C(F)(F)F,4.0,-19,100.0,0.25,-4.283996656
197,<polymer_spg>[*:1]CCO[*:2];[*:3]CCO[*:4];2->1;2->3;4->3;COCCC[N-]S(=O)(=O)C(F)(F)F,4.0,-62,100.0,0.02,-4.510041521
198,<polymer_spg>[*:1]CCO[*:2];[*:3]CCO[*:4];2->1;2->3;4->3;COCCC[N-]S(=O)(=O)C(F)(F)F,4.0,-60,100.0,0.03,-4.214670165
199,<polymer_spg>[*:1]CCO[*:2];[*:3]CCO[*:4];2->1;2->3;4->3;COCCC[N-]S(=O)(=O)C(F)(F)F,4.0,-58,100.0,0.05,-4.124938737
200,<polymer_spg>[*:1]CCO[*:2];[*:3]CCO[*:4];2->1;2->3;4->3;COCCC[N-]S(=O)(=O)C(F)(F)F,4.0,-56,100.0,0.06,-4.065501549
201,<polymer_spg>[*:1]CCO[*:2];[*:3]CCO[*:4];2->1;2->3;4->3;COCCC[N-]S(=O)(=O)C(F)(F)F,4.0,-53,100.0,0.08,-4.102372909
202,<polymer_spg>[*:1]CCO[*:2];[*:3]CCO[*:4];2->1;2->3;4->3;COCCC[N-]S(=O)(=O)C(F)(F)F,4.0,-53,100.0,0.1,-4.167491087
203,<polymer_spg>[*:1]CCO[*:2];[*:3]CCO[*:4];2->1;2->3;4->3;O=S(=O)([O-])C(F)(F)F,13.2,-42,100.0,0.08,-4.3947
204,<polymer_spg>[*:1]CCO[*:2];[*:3]CCO[*:4];2->1;2->3;4->3;O=S(=O)([O-])C(F)(F)F,13.2,-42,100.0,0.12,-4.4551
205,<polymer_spg>[*:1]CCO[*:2];[*:3]CCO[*:4];2->1;2->3;4->3;O=S(=O)([O-])C(F)(F)F,21.0,-49,100.0,0.08,-4.3444
206,<polymer_spg>[*:1]CCO[*:2];[*:3]CCO[*:4];2->1;2->3;4->3;[O-][Cl+3]([O-])([O-])[O-],22.0,-24,100.0,0.11,-4.768784859
207,<polymer_spg>[*:1]CCO[*:2];[*:3]COC([*:4])C;2->1;2->3;4->3;[O-][Cl+3]([O-])([O-])[O-],10.0,-23,76.5,0.11,-5.13199965
208,<polymer_spg>[*:1]CCO[*:2];[*:3]COC([*:4])C;2->1;2->3;4->3;[O-][Cl+3]([O-])([O-])[O-],5.0,-7,47.0,0.11,-5.721042882
209,<polymer_spg>[*:1]CCO[*:2];[*:3]COC([*:4])COCCOCCOC;2->1;2->3;4->3;O=S(=O)([N-]S(=O)(=O)C(F)(F)F)C(F)(F)F,4000.0,-51,95.0,0.02,-4.017859268
210,<polymer_spg>[*:1]CCO[*:2];[*:3]COC([*:4])COCCOCCOC;2->1;2->3;4->3;O=S(=O)([N-]S(=O)(=O)C(F)(F)F)C(F)(F)F,4000.0,-47,95.0,0.04,-3.835551263
211,<polymer_spg>[*:1]CCO[*:2];[*:3]COC([*:4])COCCOCCOC;2->1;2->3;4->3;O=S(=O)([N-]S(=O)(=O)C(F)(F)F)C(F)(F)F,4000.0,-44,95.0,0.06,-3.611496413
212,<polymer_spg>[*:1]CCO[*:2];[*:3]COC([*:4])COCCOCCOC;2->1;2->3;4->3;O=S(=O)([N-]S(=O)(=O)C(F)(F)F)C(F)(F)F,4000.0,-43,95.0,0.08,-3.617969947
213,<polymer_spg>[*:1]CCO[*:2];[*:3]COC([*:4])COCCOCCOC;2->1;2->3;4->3;O=S(=O)([N-]S(=O)(=O)C(F)(F)F)C(F)(F)F,277.8,-55,91.0,0.02,-3.460792874
214,<polymer_spg>[*:1]CCO[*:2];[*:3]COC([*:4])COCCOCCOC;2->1;2->3;4->3;O=S(=O)([N-]S(=O)(=O)C(F)(F)F)C(F)(F)F,277.8,-52,91.0,0.04,-3.408930907
215,<polymer_spg>[*:1]CCO[*:2];[*:3]COC([*:4])COCCOCCOC;2->1;2->3;4->3;O=S(=O)([N-]S(=O)(=O)C(F)(F)F)C(F)(F)F,277.8,-45,91.0,0.06,-3.27768157
216,<polymer_spg>[*:1]CCO[*:2];[*:3]COC([*:4])COCCOCCOC;2->1;2->3;4->3;O=S(=O)([N-]S(=O)(=O)C(F)(F)F)C(F)(F)F,277.8,-39,91.0,0.08,-3.21161654
217,<polymer_spg>[*:1]CCO[*:2];[*:3]COC([*:4])COCCOCCOC;2->1;2->3;4->3;[O-][Cl+3]([O-])([O-])[O-],277.8,-51,91.0,0.02,-3.610818838
218,<polymer_spg>[*:1]CCO[*:2];[*:3]COC([*:4])COCCOCCOC;2->1;2->3;4->3;[O-][Cl+3]([O-])([O-])[O-],277.8,-46,91.0,0.04,-3.346435504
219,<polymer_spg>[*:1]CCO[*:2];[*:3]COC([*:4])COCCOCCOC;2->1;2->3;4->3;[O-][Cl+3]([O-])([O-])[O-],277.8,-37,91.0,0.06,-3.498306692
220,<polymer_spg>[*:1]CCO[*:2];[*:3]COC([*:4])COCCOCCOC;2->1;2->3;4->3;[O-][Cl+3]([O-])([O-])[O-],277.8,-23,91.0,0.08,-3.821350999
221,<polymer_spg>[*:1]COC([*:2])COCC=C;[*:3]COC([*:4])COCC=C;2->1;2->3;4->3;O=S(=O)([N-]S(=O)(=O)C(F)(F)F)C(F)(F)F,12.2,-75,100.0,0.01,-4.849959018
222,<polymer_spg>[*:1]COC([*:2])COCC=C;[*:3]COC([*:4])COCC=C;2->1;2->3;4->3;O=S(=O)([N-]S(=O)(=O)C(F)(F)F)C(F)(F)F,12.2,-73,100.0,0.02,-4.455315869
223,<polymer_spg>[*:1]COC([*:2])COCC=C;[*:3]COC([*:4])COCC=C;2->1;2->3;4->3;O=S(=O)([N-]S(=O)(=O)C(F)(F)F)C(F)(F)F,12.2,-72,100.0,0.03,-4.197144058
224,<polymer_spg>[*:1]COC([*:2])COCC=C;[*:3]COC([*:4])COCC=C;2->1;2->3;4->3;O=S(=O)([N-]S(=O)(=O)C(F)(F)F)C(F)(F)F,12.2,-67,100.0,0.04,-3.899042599
225,<polymer_spg>[*:1]COC([*:2])COCC=C;[*:3]COC([*:4])COCC=C;2->1;2->3;4->3;O=S(=O)([N-]S(=O)(=O)C(F)(F)F)C(F)(F)F,12.2,-58,100.0,0.06,-3.718439756
226,<polymer_spg>[*:1]COC([*:2])COCC=C;[*:3]COC([*:4])COCC=C;2->1;2->3;4->3;O=S(=O)([N-]S(=O)(=O)C(F)(F)F)C(F)(F)F,12.2,-49,100.0,0.1,-3.714276869
227,<polymer_spg>[*:1]COC([*:2])COCC=C;[*:3]COC([*:4])COCC=C;2->1;2->3;4->3;O=S(=O)([N-]S(=O)(=O)C(F)(F)F)C(F)(F)F,12.2,-78,100.0,0.05,-3.91699886
228,<polymer_spg>[*:1]CCO[*:2];[*:3]COC([*:4])COCC=C;2->1;2->3;4->3;O=S(=O)([N-]S(=O)(=O)C(F)(F)F)C(F)(F)F,29.5,-69,89.7,0.04,-3.471924785
229,<polymer_spg>[*:1]CCO[*:2];[*:3]COC([*:4])COCC=C;2->1;2->3;4->3;O=S(=O)([N-]S(=O)(=O)C(F)(F)F)C(F)(F)F,15.8,-71,80.2,0.04,-3.609537571
230,<polymer_spg>[*:1]CCO[*:2];[*:3]COC([*:4])COCC=C;2->1;2->3;4->3;O=S(=O)([N-]S(=O)(=O)C(F)(F)F)C(F)(F)F,7.9,-69,76.7,0.04,-3.652058988
231,<polymer_spg>[*:1]CCO[*:2];[*:3]COC([*:4])COCC=C;2->1;2->3;4->3;O=S(=O)([N-]S(=O)(=O)C(F)(F)F)C(F)(F)F,17.3,-73,54.9,0.04,-3.803559545
232,<polymer_spg>[*:1]CC([*:2])(C)C(=O)OCCOCCOCCOCCOCCOCCOCCOCCOCCOC;[*:3]CC([*:4])(C)C(=O)OCCOCCOCCOCCOCCOCCOCCOCCOCCOC;2->1;2->3;4->3;O=S(=O)([O-])C(F)(F)F,300.0,-25,100.0,0.2,-4.890328737
233,<polymer_spg>[*:1]COCCOCCOCCOCCOCCOCCOCCOCCOCOC[*:2];[*:3]COCCOCCOCCOCCOCCOCCOCCOCCOCOC[*:4];2->1;2->3;4->3;O=S(=O)([N-]S(=O)(=O)C(F)(F)F)C(F)(F)F,50.0,-50,100.0,0.05,-3.681736599
234,<polymer_spg>[*:1]CN(CCOC)C([*:2])=O;[*:3]CN(CCOC)C([*:4])=O;2->1;2->3;4->3;O=S(=O)([N-]S(=O)(=O)C(F)(F)F)C(F)(F)F,2.4,52,100.0,0.09,-6.574593418
235,<polymer_spg>[*:1]CN(CCOCCOC)C([*:2])=O;[*:3]CN(CCOCCOC)C([*:4])=O;2->1;2->3;4->3;O=S(=O)([N-]S(=O)(=O)C(F)(F)F)C(F)(F)F,3.2,9,100.0,0.09,-4.822384778
236,<polymer_spg>[*:1]CN(CCOCCOCCOC)C([*:2])=O;[*:3]CN(CCOCCOCCOC)C([*:4])=O;2->1;2->3;4->3;O=S(=O)([N-]S(=O)(=O)C(F)(F)F)C(F)(F)F,4.1,-2,100.0,0.09,-4.53153355
237,<polymer_spg>[*:1]CC([*:2])OCCOCCOC;[*:3]C1OC(=O)OC1[*:4];2->1;2->3;4->3;O=S(=O)([N-]S(=O)(=O)C(F)(F)F)C(F)(F)F,37.0,40,50.0,0.12,-6.93162364
238,<polymer_spg>[*:1]CC([*:2])OCCOCCOC;[*:3]C1OC(=O)OC1[*:4];2->1;2->3;4->3;O=S(=O)([N-]S(=O)(=O)C(F)(F)F)C(F)(F)F,37.0,34,50.0,0.08,-6.424478697
239,<polymer_spg>[*:1]CC([*:2])OCCOCCOC;[*:3]C1OC(=O)OC1[*:4];2->1;2->3;4->3;O=S(=O)([N-]S(=O)(=O)C(F)(F)F)C(F)(F)F,37.0,31,50.0,0.06,-7.084322107
240,<polymer_spg>[*:1]CC([*:2])OCCOCCOC;[*:3]C1OC(=O)OC1[*:4];2->1;2->3;4->3;O=S(=O)([N-]S(=O)(=O)C(F)(F)F)C(F)(F)F,37.0,29,50.0,0.05,-6.655352166
241,<polymer_spg>[*:1]CC([*:2])OCCOCCOC;[*:3]C1OC(=O)OC1[*:4];2->1;2->3;4->3;O=S(=O)([N-]S(=O)(=O)C(F)(F)F)C(F)(F)F,19.0,21,50.0,0.12,-6.010850752
242,<polymer_spg>[*:1]CC([*:2])OCCOCCOC;[*:3]C1OC(=O)OC1[*:4];2->1;2->3;4->3;O=S(=O)([N-]S(=O)(=O)C(F)(F)F)C(F)(F)F,19.0,8,50.0,0.08,-5.756176322
243,<polymer_spg>[*:1]CC([*:2])OCCOCCOC;[*:3]C1OC(=O)OC1[*:4];2->1;2->3;4->3;O=S(=O)([N-]S(=O)(=O)C(F)(F)F)C(F)(F)F,19.0,8,50.0,0.06,-6.279968984
244,<polymer_spg>[*:1]CC([*:2])OCCOCCOC;[*:3]C1OC(=O)OC1[*:4];2->1;2->3;4->3;O=S(=O)([N-]S(=O)(=O)C(F)(F)F)C(F)(F)F,19.0,0,50.0,0.05,-6.111465606
245,<polymer_spg>[*:1]CC([*:2])OCCOCCOC;[*:3]C1OC(=O)OC1[*:4];2->1;2->3;4->3;O=S(=O)([N-]S(=O)(=O)C(F)(F)F)C(F)(F)F,18.0,-17,50.0,0.12,-4.901888108
246,<polymer_spg>[*:1]CC([*:2])OCCOCCOC;[*:3]C1OC(=O)OC1[*:4];2->1;2->3;4->3;O=S(=O)([N-]S(=O)(=O)C(F)(F)F)C(F)(F)F,18.0,-20,50.0,0.08,-5.029106919
247,<polymer_spg>[*:1]CC([*:2])OCCOCCOC;[*:3]C1OC(=O)OC1[*:4];2->1;2->3;4->3;O=S(=O)([N-]S(=O)(=O)C(F)(F)F)C(F)(F)F,18.0,-22,50.0,0.06,-5.029119303
248,<polymer_spg>[*:1]CC([*:2])OCCOCCOC;[*:3]C1OC(=O)OC1[*:4];2->1;2->3;4->3;O=S(=O)([N-]S(=O)(=O)C(F)(F)F)C(F)(F)F,18.0,-25,50.0,0.05,-4.966118865
249,<polymer_spg>[*:1]CC([*:2])OCCOCCOC;[*:3]C1OC(=O)OC1[*:4];2->1;2->3;4->3;O=S(=O)([N-]S(=O)(=O)C(F)(F)F)C(F)(F)F,7.9,-26,50.0,0.12,-4.428192809
250,<polymer_spg>[*:1]CC([*:2])OCCOCCOC;[*:3]C1OC(=O)OC1[*:4];2->1;2->3;4->3;O=S(=O)([N-]S(=O)(=O)C(F)(F)F)C(F)(F)F,7.9,-27,50.0,0.08,-4.477191173
251,<polymer_spg>[*:1]CC([*:2])OCCOCCOC;[*:3]C1OC(=O)OC1[*:4];2->1;2->3;4->3;O=S(=O)([N-]S(=O)(=O)C(F)(F)F)C(F)(F)F,7.9,-31,50.0,0.06,-4.304358931
252,<polymer_spg>[*:1]CC([*:2])OCCOCCOC;[*:3]C1OC(=O)OC1[*:4];2->1;2->3;4->3;O=S(=O)([N-]S(=O)(=O)C(F)(F)F)C(F)(F)F,7.9,-37,50.0,0.05,-4.375192379
253,<polymer_spg>[*:1]CC([*:2])OCCOCCOC;[*:3]C1OC(=O)OC1[*:4];2->1;2->3;4->3;O=S(=O)([N-]S(=O)(=O)C(F)(F)F)C(F)(F)F,8.1,-18,50.0,0.12,-4.195436525
254,<polymer_spg>[*:1]CC([*:2])OCCOCCOC;[*:3]C1OC(=O)OC1[*:4];2->1;2->3;4->3;O=S(=O)([N-]S(=O)(=O)C(F)(F)F)C(F)(F)F,8.1,-31,50.0,0.08,-3.772680721
255,<polymer_spg>[*:1]CC([*:2])OCCOCCOC;[*:3]C1OC(=O)OC1[*:4];2->1;2->3;4->3;O=S(=O)([N-]S(=O)(=O)C(F)(F)F)C(F)(F)F,8.1,-35,50.0,0.06,-3.629527631
256,<polymer_spg>[*:1]CC([*:2])OCCOCCOC;[*:3]C1OC(=O)OC1[*:4];2->1;2->3;4->3;O=S(=O)([N-]S(=O)(=O)C(F)(F)F)C(F)(F)F,8.1,-39,50.0,0.05,-3.807212738
257,<polymer_spg>[*:1]CC([*:2])OCCOCCOC;[*:3]C1OC(=O)OC1[*:4];2->1;2->3;4->3;O=S(=O)([N-]S(=O)(=O)C(F)(F)F)C(F)(F)F,7.8,-29,50.0,0.12,-3.969291168
258,<polymer_spg>[*:1]CC([*:2])OCCOCCOC;[*:3]C1OC(=O)OC1[*:4];2->1;2->3;4->3;O=S(=O)([N-]S(=O)(=O)C(F)(F)F)C(F)(F)F,7.8,-36,50.0,0.08,-3.732945182
259,<polymer_spg>[*:1]CC([*:2])OCCOCCOC;[*:3]C1OC(=O)OC1[*:4];2->1;2->3;4->3;O=S(=O)([N-]S(=O)(=O)C(F)(F)F)C(F)(F)F,7.8,-43,50.0,0.06,-3.695438776
260,<polymer_spg>[*:1]CC([*:2])OCCOCCOC;[*:3]C1OC(=O)OC1[*:4];2->1;2->3;4->3;O=S(=O)([N-]S(=O)(=O)C(F)(F)F)C(F)(F)F,7.8,-47,50.0,0.05,-3.66205309
261,<polymer_spg>[*:1]CC([*:2])OCCOCCOC;[*:3]C1OC(=O)OC1[*:4];2->1;2->3;4->3;O=S(=O)([N-]S(=O)(=O)C(F)(F)F)C(F)(F)F,7.4,-27,50.0,0.12,-3.710677434
262,<polymer_spg>[*:1]CC([*:2])OCCOCCOC;[*:3]C1OC(=O)OC1[*:4];2->1;2->3;4->3;O=S(=O)([N-]S(=O)(=O)C(F)(F)F)C(F)(F)F,7.4,-40,50.0,0.08,-3.49429521
263,<polymer_spg>[*:1]CC([*:2])OCCOCCOC;[*:3]C1OC(=O)OC1[*:4];2->1;2->3;4->3;O=S(=O)([N-]S(=O)(=O)C(F)(F)F)C(F)(F)F,7.4,-44,50.0,0.06,-3.131450171
264,<polymer_spg>[*:1]CC([*:2])OCCOCCOC;[*:3]C1OC(=O)OC1[*:4];2->1;2->3;4->3;O=S(=O)([N-]S(=O)(=O)C(F)(F)F)C(F)(F)F,7.4,-48,50.0,0.05,-3.301688787
265,<polymer_spg>[*:1]COC([*:2])COC(C)(C)C;[*:3]OC([*:4])=O;2->1;2->3;4->3;O=S(=O)([N-]S(=O)(=O)C(F)(F)F)C(F)(F)F,44.0,18,50.0,0.05,-7.51533429
266,<polymer_spg>[*:1]COC([*:2])COCCCC;[*:3]OC([*:4])=O;2->1;2->3;4->3;O=S(=O)([N-]S(=O)(=O)C(F)(F)F)C(F)(F)F,190.0,-20,50.0,0.05,-5.836820328
267,<polymer_spg>[*:1]COC([*:2])COCCOC;[*:3]OC([*:4])=O;2->1;2->3;4->3;O=S(=O)([N-]S(=O)(=O)C(F)(F)F)C(F)(F)F,17.0,-55,50.0,0.03,-4.528742245
268,<polymer_spg>[*:1]CCO[*:2];[*:3]COC([*:4])COC;2->1;2->3;4->3;O=S(=O)([O-])C(F)(F)F,1000.0,-68,78.3,0.06,-4.771455143
269,<polymer_spg>[*:1]CCO[*:2];[*:3]COC([*:4])COCCOCC;2->1;2->3;4->3;O=S(=O)([O-])C(F)(F)F,1000.0,-53,82.94,0.06,-4.613009445
270,<polymer_spg>[*:1]CCO[*:2];[*:3]COC([*:4])COCCOCCOC;2->1;2->3;4->3;O=S(=O)([O-])C(F)(F)F,1000.0,-77,71.15,0.06,-4.013896227
